trace_id,sample_index,amplitude
0,0,0.09576485652518335
0,1,0.23134658744916647
0,2,0.3404240862354082
0,3,0.4091010375284674
0,4,0.40766691041152464
0,5,0.4091010375284674
0,6,0.3404240862354082
0,7,0.23134658744916645
0,8,0.09576485652518335
0,9,-0.050297578373209154
0,10,-0.1911374149272711
0,11,-0.31354680790197187
0,12,-0.4286021497218747
0,13,-0.4555990340714814
0,14,-0.4713553510758829
0,15,-0.4603780508756521
1,0,0.09576485652518335
1,1,-0.050297578373209154
1,2,-0.1911374149272711
1,3,-0.31354680790197187
1,4,-0.4286021497218747
1,5,-0.4555990340714814
1,6,-0.4713553510758829
1,7,-0.4603780508756521
1,8,-0.43061246442089646
1,9,-0.3917106528058849
1,10,-0.35334595618167686
1,11,-0.3236302262151881
1,12,-0.2876594502771811
1,13,-0.3236302262151881
1,14,-0.35334595618167686
1,15,-0.3917106528058849
2,0,-0.43061246442089646
2,1,-0.3917106528058849
2,2,-0.35334595618167686
2,3,-0.3236302262151881
2,4,-0.2876594502771811
2,5,-0.3236302262151881
2,6,-0.35334595618167686
2,7,-0.3917106528058849
2,8,-0.43061246442089646
2,9,-0.4603780508756521
2,10,-0.4713553510758829
2,11,-0.4555990340714814
2,12,-0.42860214972187466
2,13,-0.31354680790197187
2,14,-0.19113741492727107
2,15,-0.05029757837320917
3,0,-0.43061246442089646
3,1,-0.4603780508756521
3,2,-0.4713553510758829
3,3,-0.4555990340714814
3,4,-0.42860214972187466
3,5,-0.31354680790197187
3,6,-0.19113741492727107
3,7,-0.05029757837320917
3,8,0.09576485652518335
3,9,0.23134658744916647
3,10,0.3404240862354082
3,11,0.4091010375284674
3,12,0.4481363951002855
3,13,0.42730832664336627
3,14,0.32478544802844267
3,15,0.17515578194607143
4,0,0.09576485652518335
4,1,0.23134658744916647
4,2,0.3404240862354082
4,3,0.4091010375284674
4,4,0.4481363951002855
4,5,0.42730832664336627
4,6,0.32478544802844267
4,7,0.17515578194607143
4,8,6.938893903907228e-18
4,9,-0.17515578194607145
4,10,-0.32478544802844267
4,11,-0.42730832664336627
4,12,-0.48860587978904646
4,13,-0.42730832664336627
4,14,-0.32478544802844267
4,15,-0.17515578194607143
5,0,6.938893903907228e-18
5,1,-0.17515578194607145
5,2,-0.32478544802844267
5,3,-0.42730832664336627
5,4,-0.48860587978904646
5,5,-0.42730832664336627
5,6,-0.32478544802844267
5,7,-0.17515578194607143
5,8,-6.938893903907228e-18
5,9,0.17515578194607145
5,10,0.32478544802844267
5,11,0.42730832664336627
5,12,0.4481363951002856
5,13,0.4091010375284674
5,14,0.3404240862354082
5,15,0.23134658744916645
6,0,-6.938893903907228e-18
6,1,0.17515578194607145
6,2,0.32478544802844267
6,3,0.42730832664336627
6,4,0.4481363951002856
6,5,0.4091010375284674
6,6,0.3404240862354082
6,7,0.23134658744916645
6,8,0.09576485652518335
6,9,-0.050297578373209154
6,10,-0.1911374149272711
6,11,-0.31354680790197187
6,12,-0.38813266503311383
6,13,-0.4373917449565825
6,14,-0.4869939892828484
6,15,-0.5165688563787472
7,0,0.09576485652518335
7,1,-0.050297578373209154
7,2,-0.1911374149272711
7,3,-0.31354680790197187
7,4,-0.38813266503311383
7,5,-0.4373917449565825
7,6,-0.4869939892828484
7,7,-0.5165688563787472
7,8,-0.5263773209460798
7,9,-0.5165688563787472
7,10,-0.4869939892828484
7,11,-0.4373917449565825
7,12,-0.34766318034435284
7,13,-0.295339518787073
7,14,-0.2067760531342366
7,15,-0.10648838387630419
8,0,-0.5263773209460798
8,1,-0.5165688563787472
8,2,-0.4869939892828484
8,3,-0.4373917449565825
8,4,-0.34766318034435284
8,5,-0.295339518787073
8,6,-0.2067760531342366
8,7,-0.10648838387630419
8,8,6.938893903907228e-18
8,9,0.10648838387630417
8,10,0.20677605313423664
8,11,0.295339518787073
8,12,0.3881326650331138
8,13,0.4555990340714814
8,14,0.4713553510758829
8,15,0.4603780508756521
9,0,6.938893903907228e-18
9,1,0.10648838387630417
9,2,0.20677605313423664
9,3,0.295339518787073
9,4,0.3881326650331138
9,5,0.4555990340714814
9,6,0.4713553510758829
9,7,0.4603780508756521
9,8,0.43061246442089646
9,9,0.3917106528058849
9,10,0.35334595618167686
9,11,0.3236302262151881
9,12,0.328128934965942
9,13,0.341837515330087
9,14,0.3377073179747113
9,15,0.33551984730278983
10,0,0.43061246442089646
10,1,0.3917106528058849
10,2,0.35334595618167686
10,3,0.3236302262151881
10,4,0.328128934965942
10,5,0.341837515330087
10,6,0.3377073179747113
10,7,0.33551984730278983
10,8,0.33484760789571316
10,9,0.33551984730278983
10,10,0.3377073179747113
10,11,0.341837515330087
10,12,0.3685984196547029
10,13,0.341837515330087
10,14,0.3377073179747113
10,15,0.33551984730278983
11,0,0.33484760789571316
11,1,0.33551984730278983
11,2,0.3377073179747113
11,3,0.341837515330087
11,4,0.3685984196547029
11,5,0.341837515330087
11,6,0.3377073179747113
11,7,0.33551984730278983
11,8,0.33484760789571316
11,9,0.33551984730278983
11,10,0.3377073179747113
11,11,0.341837515330087
11,12,0.3685984196547029
11,13,0.341837515330087
11,14,0.3377073179747113
11,15,0.33551984730278983
12,0,0.33484760789571316
12,1,0.33551984730278983
12,2,0.3377073179747113
12,3,0.341837515330087
12,4,0.3685984196547029
12,5,0.341837515330087
12,6,0.3377073179747113
12,7,0.33551984730278983
12,8,0.33484760789571316
12,9,0.33551984730278983
12,10,0.3377073179747113
12,11,0.341837515330087
12,12,0.3685984196547029
12,13,0.341837515330087
12,14,0.3377073179747113
12,15,0.33551984730278983
13,0,0.33484760789571316
13,1,0.33551984730278983
13,2,0.3377073179747113
13,3,0.341837515330087
13,4,0.3685984196547029
13,5,0.341837515330087
13,6,0.3377073179747113
13,7,0.33551984730278983
13,8,0.33484760789571316
13,9,0.33551984730278983
13,10,0.3377073179747113
13,11,0.341837515330087
13,12,0.3685984196547029
13,13,0.341837515330087
13,14,0.3377073179747113
13,15,0.33551984730278983
14,0,0.33484760789571316
14,1,0.33551984730278983
14,2,0.3377073179747113
14,3,0.341837515330087
14,4,0.3685984196547029
14,5,0.341837515330087
14,6,0.3377073179747113
14,7,0.33551984730278983
14,8,0.33484760789571316
14,9,0.33551984730278983
14,10,0.3377073179747113
14,11,0.341837515330087
14,12,0.3685984196547029
14,13,0.341837515330087
14,14,0.3377073179747113
14,15,0.33551984730278983
15,0,0.33484760789571316
15,1,0.33551984730278983
15,2,0.3377073179747113
15,3,0.341837515330087
15,4,0.3685984196547029
15,5,0.341837515330087
15,6,0.3377073179747113
15,7,0.33551984730278983
15,8,0.33484760789571316
15,9,0.33551984730278983
15,10,0.3377073179747113
15,11,0.341837515330087
15,12,0.32812893496594203
15,13,0.3236302262151881
15,14,0.35334595618167686
15,15,0.3917106528058849
16,0,0.33484760789571316
16,1,0.33551984730278983
16,2,0.3377073179747113
16,3,0.341837515330087
16,4,0.32812893496594203
16,5,0.3236302262151881
16,6,0.35334595618167686
16,7,0.3917106528058849
16,8,0.43061246442089646
16,9,0.4603780508756521
16,10,0.4713553510758829
16,11,0.4555990340714814
16,12,0.42860214972187466
16,13,0.31354680790197187
16,14,0.19113741492727107
16,15,0.05029757837320917
17,0,0.43061246442089646
17,1,0.4603780508756521
17,2,0.4713553510758829
17,3,0.4555990340714814
17,4,0.42860214972187466
17,5,0.31354680790197187
17,6,0.19113741492727107
17,7,0.05029757837320917
17,8,-0.09576485652518335
17,9,-0.23134658744916647
17,10,-0.3404240862354082
17,11,-0.4091010375284674
17,12,-0.4481363951002855
17,13,-0.42730832664336627
17,14,-0.32478544802844267
17,15,-0.17515578194607143
18,0,-0.09576485652518335
18,1,-0.23134658744916647
18,2,-0.3404240862354082
18,3,-0.4091010375284674
18,4,-0.4481363951002855
18,5,-0.42730832664336627
18,6,-0.32478544802844267
18,7,-0.17515578194607143
18,8,-6.938893903907228e-18
18,9,0.17515578194607145
18,10,0.32478544802844267
18,11,0.42730832664336627
18,12,0.4481363951002856
18,13,0.4091010375284674
18,14,0.3404240862354082
18,15,0.23134658744916645
19,0,-6.938893903907228e-18
19,1,0.17515578194607145
19,2,0.32478544802844267
19,3,0.42730832664336627
19,4,0.4481363951002856
19,5,0.4091010375284674
19,6,0.3404240862354082
19,7,0.23134658744916645
19,8,0.09576485652518335
19,9,-0.050297578373209154
19,10,-0.1911374149272711
19,11,-0.31354680790197187
19,12,-0.38813266503311383
19,13,-0.4373917449565825
19,14,-0.4869939892828484
19,15,-0.5165688563787472
20,0,0.09576485652518335
20,1,-0.050297578373209154
20,2,-0.1911374149272711
20,3,-0.31354680790197187
20,4,-0.38813266503311383
20,5,-0.4373917449565825
20,6,-0.4869939892828484
20,7,-0.5165688563787472
20,8,-0.5263773209460798
20,9,-0.5165688563787472
20,10,-0.4869939892828484
20,11,-0.4373917449565825
20,12,-0.3881326650331137
20,13,-0.31354680790197187
20,14,-0.19113741492727107
20,15,-0.05029757837320917
21,0,-0.5263773209460798
21,1,-0.5165688563787472
21,2,-0.4869939892828484
21,3,-0.4373917449565825
21,4,-0.3881326650331137
21,5,-0.31354680790197187
21,6,-0.19113741492727107
21,7,-0.05029757837320917
21,8,0.09576485652518335
21,9,0.23134658744916647
21,10,0.3404240862354082
21,11,0.4091010375284674
21,12,0.4481363951002855
21,13,0.42730832664336627
21,14,0.32478544802844267
21,15,0.17515578194607143
22,0,0.09576485652518335
22,1,0.23134658744916647
22,2,0.3404240862354082
22,3,0.4091010375284674
22,4,0.4481363951002855
22,5,0.42730832664336627
22,6,0.32478544802844267
22,7,0.17515578194607143
22,8,6.938893903907228e-18
22,9,-0.17515578194607145
22,10,-0.32478544802844267
22,11,-0.42730832664336627
22,12,-0.4481363951002856
22,13,-0.4091010375284674
22,14,-0.3404240862354082
22,15,-0.23134658744916645
23,0,6.938893903907228e-18
23,1,-0.17515578194607145
23,2,-0.32478544802844267
23,3,-0.42730832664336627
23,4,-0.4481363951002856
23,5,-0.4091010375284674
23,6,-0.3404240862354082
23,7,-0.23134658744916645
23,8,-0.09576485652518335
23,9,0.050297578373209154
23,10,0.1911374149272711
23,11,0.31354680790197187
23,12,0.38813266503311383
23,13,0.4373917449565825
23,14,0.4869939892828484
23,15,0.5165688563787472
24,0,-0.09576485652518335
24,1,0.050297578373209154
24,2,0.1911374149272711
24,3,0.31354680790197187
24,4,0.38813266503311383
24,5,0.4373917449565825
24,6,0.4869939892828484
24,7,0.5165688563787472
24,8,0.5263773209460798
24,9,0.5165688563787472
24,10,0.4869939892828484
24,11,0.4373917449565825
24,12,0.34766318034435284
24,13,0.295339518787073
24,14,0.2067760531342366
24,15,0.10648838387630419
25,0,0.5263773209460798
25,1,0.5165688563787472
25,2,0.4869939892828484
25,3,0.4373917449565825
25,4,0.34766318034435284
25,5,0.295339518787073
25,6,0.2067760531342366
25,7,0.10648838387630419
25,8,-6.938893903907228e-18
25,9,-0.10648838387630417
25,10,-0.20677605313423664
25,11,-0.295339518787073
25,12,-0.3881326650331138
25,13,-0.4555990340714814
25,14,-0.4713553510758829
25,15,-0.4603780508756521
26,0,-6.938893903907228e-18
26,1,-0.10648838387630417
26,2,-0.20677605313423664
26,3,-0.295339518787073
26,4,-0.3881326650331138
26,5,-0.4555990340714814
26,6,-0.4713553510758829
26,7,-0.4603780508756521
26,8,-0.43061246442089646
26,9,-0.3917106528058849
26,10,-0.35334595618167686
26,11,-0.3236302262151881
26,12,-0.328128934965942
26,13,-0.341837515330087
26,14,-0.3377073179747113
26,15,-0.33551984730278983
27,0,-0.43061246442089646
27,1,-0.3917106528058849
27,2,-0.35334595618167686
27,3,-0.3236302262151881
27,4,-0.328128934965942
27,5,-0.341837515330087
27,6,-0.3377073179747113
27,7,-0.33551984730278983
27,8,-0.33484760789571316
27,9,-0.33551984730278983
27,10,-0.3377073179747113
27,11,-0.341837515330087
27,12,-0.3685984196547029
27,13,-0.341837515330087
27,14,-0.3377073179747113
27,15,-0.33551984730278983
28,0,-0.33484760789571316
28,1,-0.33551984730278983
28,2,-0.3377073179747113
28,3,-0.341837515330087
28,4,-0.3685984196547029
28,5,-0.341837515330087
28,6,-0.3377073179747113
28,7,-0.33551984730278983
28,8,-0.33484760789571316
28,9,-0.33551984730278983
28,10,-0.3377073179747113
28,11,-0.341837515330087
28,12,-0.32812893496594203
28,13,-0.3236302262151881
28,14,-0.35334595618167686
28,15,-0.3917106528058849
29,0,-0.33484760789571316
29,1,-0.33551984730278983
29,2,-0.3377073179747113
29,3,-0.341837515330087
29,4,-0.32812893496594203
29,5,-0.3236302262151881
29,6,-0.35334595618167686
29,7,-0.3917106528058849
29,8,-0.43061246442089646
29,9,-0.4603780508756521
29,10,-0.4713553510758829
29,11,-0.4555990340714814
29,12,-0.3881326650331138
29,13,-0.295339518787073
29,14,-0.2067760531342366
29,15,-0.10648838387630419
30,0,-0.43061246442089646
30,1,-0.4603780508756521
30,2,-0.4713553510758829
30,3,-0.4555990340714814
30,4,-0.3881326650331138
30,5,-0.295339518787073
30,6,-0.2067760531342366
30,7,-0.10648838387630419
30,8,6.938893903907228e-18
30,9,0.10648838387630417
30,10,0.20677605313423664
30,11,0.295339518787073
30,12,0.3476631803443529
30,13,0.4373917449565825
30,14,0.4869939892828484
30,15,0.5165688563787472
31,0,6.938893903907228e-18
31,1,0.10648838387630417
31,2,0.20677605313423664
31,3,0.295339518787073
31,4,0.3476631803443529
31,5,0.4373917449565825
31,6,0.4869939892828484
31,7,0.5165688563787472
31,8,0.5263773209460798
31,9,0.5165688563787472
31,10,0.4869939892828484
31,11,0.4373917449565825
31,12,0.3881326650331137
31,13,0.31354680790197187
31,14,0.19113741492727107
31,15,0.05029757837320917
32,0,0.5263773209460798
32,1,0.5165688563787472
32,2,0.4869939892828484
32,3,0.4373917449565825
32,4,0.3881326650331137
32,5,0.31354680790197187
32,6,0.19113741492727107
32,7,0.05029757837320917
32,8,-0.09576485652518335
32,9,-0.23134658744916647
32,10,-0.3404240862354082
32,11,-0.4091010375284674
32,12,-0.40766691041152464
32,13,-0.4091010375284674
32,14,-0.3404240862354082
32,15,-0.23134658744916645
33,0,-0.09576485652518335
33,1,-0.23134658744916647
33,2,-0.3404240862354082
33,3,-0.4091010375284674
33,4,-0.40766691041152464
33,5,-0.4091010375284674
33,6,-0.3404240862354082
33,7,-0.23134658744916645
33,8,-0.09576485652518335
33,9,0.050297578373209154
33,10,0.1911374149272711
33,11,0.31354680790197187
33,12,0.4286021497218747
33,13,0.4555990340714814
33,14,0.4713553510758829
33,15,0.4603780508756521
34,0,-0.09576485652518335
34,1,0.050297578373209154
34,2,0.1911374149272711
34,3,0.31354680790197187
34,4,0.4286021497218747
34,5,0.4555990340714814
34,6,0.4713553510758829
34,7,0.4603780508756521
34,8,0.43061246442089646
34,9,0.3917106528058849
34,10,0.35334595618167686
34,11,0.3236302262151881
34,12,0.328128934965942
34,13,0.341837515330087
34,14,0.3377073179747113
34,15,0.33551984730278983
35,0,0.43061246442089646
35,1,0.3917106528058849
35,2,0.35334595618167686
35,3,0.3236302262151881
35,4,0.328128934965942
35,5,0.341837515330087
35,6,0.3377073179747113
35,7,0.33551984730278983
35,8,0.33484760789571316
35,9,0.33551984730278983
35,10,0.3377073179747113
35,11,0.341837515330087
35,12,0.32812893496594203
35,13,0.3236302262151881
35,14,0.35334595618167686
35,15,0.3917106528058849
36,0,0.33484760789571316
36,1,0.33551984730278983
36,2,0.3377073179747113
36,3,0.341837515330087
36,4,0.32812893496594203
36,5,0.3236302262151881
36,6,0.35334595618167686
36,7,0.3917106528058849
36,8,0.43061246442089646
36,9,0.4603780508756521
36,10,0.4713553510758829
36,11,0.4555990340714814
36,12,0.42860214972187466
36,13,0.31354680790197187
36,14,0.19113741492727107
36,15,0.05029757837320917
37,0,0.43061246442089646
37,1,0.4603780508756521
37,2,0.4713553510758829
37,3,0.4555990340714814
37,4,0.42860214972187466
37,5,0.31354680790197187
37,6,0.19113741492727107
37,7,0.05029757837320917
37,8,-0.09576485652518335
37,9,-0.23134658744916647
37,10,-0.3404240862354082
37,11,-0.4091010375284674
37,12,-0.4481363951002855
37,13,-0.42730832664336627
37,14,-0.32478544802844267
37,15,-0.17515578194607143
38,0,-0.09576485652518335
38,1,-0.23134658744916647
38,2,-0.3404240862354082
38,3,-0.4091010375284674
38,4,-0.4481363951002855
38,5,-0.42730832664336627
38,6,-0.32478544802844267
38,7,-0.17515578194607143
38,8,-6.938893903907228e-18
38,9,0.17515578194607145
38,10,0.32478544802844267
38,11,0.42730832664336627
38,12,0.4481363951002856
38,13,0.4091010375284674
38,14,0.3404240862354082
38,15,0.23134658744916645
39,0,-6.938893903907228e-18
39,1,0.17515578194607145
39,2,0.32478544802844267
39,3,0.42730832664336627
39,4,0.4481363951002856
39,5,0.4091010375284674
39,6,0.3404240862354082
39,7,0.23134658744916645
39,8,0.09576485652518335
39,9,-0.050297578373209154
39,10,-0.1911374149272711
39,11,-0.31354680790197187
39,12,-0.4286021497218747
39,13,-0.4555990340714814
39,14,-0.4713553510758829
39,15,-0.4603780508756521
40,0,0.09576485652518335
40,1,-0.050297578373209154
40,2,-0.1911374149272711
40,3,-0.31354680790197187
40,4,-0.4286021497218747
40,5,-0.4555990340714814
40,6,-0.4713553510758829
40,7,-0.4603780508756521
40,8,-0.43061246442089646
40,9,-0.3917106528058849
40,10,-0.35334595618167686
40,11,-0.3236302262151881
40,12,-0.328128934965942
40,13,-0.341837515330087
40,14,-0.3377073179747113
40,15,-0.33551984730278983
41,0,-0.43061246442089646
41,1,-0.3917106528058849
41,2,-0.35334595618167686
41,3,-0.3236302262151881
41,4,-0.328128934965942
41,5,-0.341837515330087
41,6,-0.3377073179747113
41,7,-0.33551984730278983
41,8,-0.33484760789571316
41,9,-0.33551984730278983
41,10,-0.3377073179747113
41,11,-0.341837515330087
41,12,-0.32812893496594203
41,13,-0.3236302262151881
41,14,-0.35334595618167686
41,15,-0.3917106528058849
42,0,-0.33484760789571316
42,1,-0.33551984730278983
42,2,-0.3377073179747113
42,3,-0.341837515330087
42,4,-0.32812893496594203
42,5,-0.3236302262151881
42,6,-0.35334595618167686
42,7,-0.3917106528058849
42,8,-0.43061246442089646
42,9,-0.4603780508756521
42,10,-0.4713553510758829
42,11,-0.4555990340714814
42,12,-0.42860214972187466
42,13,-0.31354680790197187
42,14,-0.19113741492727107
42,15,-0.05029757837320917
43,0,-0.43061246442089646
43,1,-0.4603780508756521
43,2,-0.4713553510758829
43,3,-0.4555990340714814
43,4,-0.42860214972187466
43,5,-0.31354680790197187
43,6,-0.19113741492727107
43,7,-0.05029757837320917
43,8,0.09576485652518335
43,9,0.23134658744916647
43,10,0.3404240862354082
43,11,0.4091010375284674
43,12,0.40766691041152464
43,13,0.4091010375284674
43,14,0.3404240862354082
43,15,0.23134658744916645
44,0,0.09576485652518335
44,1,0.23134658744916647
44,2,0.3404240862354082
44,3,0.4091010375284674
44,4,0.40766691041152464
44,5,0.4091010375284674
44,6,0.3404240862354082
44,7,0.23134658744916645
44,8,0.09576485652518335
44,9,-0.050297578373209154
44,10,-0.1911374149272711
44,11,-0.31354680790197187
44,12,-0.4286021497218747
44,13,-0.4555990340714814
44,14,-0.4713553510758829
44,15,-0.4603780508756521
45,0,0.09576485652518335
45,1,-0.050297578373209154
45,2,-0.1911374149272711
45,3,-0.31354680790197187
45,4,-0.4286021497218747
45,5,-0.4555990340714814
45,6,-0.4713553510758829
45,7,-0.4603780508756521
45,8,-0.43061246442089646
45,9,-0.3917106528058849
45,10,-0.35334595618167686
45,11,-0.3236302262151881
45,12,-0.2876594502771811
45,13,-0.3236302262151881
45,14,-0.35334595618167686
45,15,-0.3917106528058849
46,0,-0.43061246442089646
46,1,-0.3917106528058849
46,2,-0.35334595618167686
46,3,-0.3236302262151881
46,4,-0.2876594502771811
46,5,-0.3236302262151881
46,6,-0.35334595618167686
46,7,-0.3917106528058849
46,8,-0.43061246442089646
46,9,-0.4603780508756521
46,10,-0.4713553510758829
46,11,-0.4555990340714814
46,12,-0.3881326650331138
46,13,-0.295339518787073
46,14,-0.2067760531342366
46,15,-0.10648838387630419
47,0,-0.43061246442089646
47,1,-0.4603780508756521
47,2,-0.4713553510758829
47,3,-0.4555990340714814
47,4,-0.3881326650331138
47,5,-0.295339518787073
47,6,-0.2067760531342366
47,7,-0.10648838387630419
47,8,6.938893903907228e-18
47,9,0.10648838387630417
47,10,0.20677605313423664
47,11,0.295339518787073
47,12,0.3881326650331138
47,13,0.4555990340714814
47,14,0.4713553510758829
47,15,0.4603780508756521
48,0,6.938893903907228e-18
48,1,0.10648838387630417
48,2,0.20677605313423664
48,3,0.295339518787073
48,4,0.3881326650331138
48,5,0.4555990340714814
48,6,0.4713553510758829
48,7,0.4603780508756521
48,8,0.43061246442089646
48,9,0.3917106528058849
48,10,0.35334595618167686
48,11,0.3236302262151881
48,12,0.2876594502771811
48,13,0.3236302262151881
48,14,0.35334595618167686
48,15,0.3917106528058849
49,0,0.43061246442089646
49,1,0.3917106528058849
49,2,0.35334595618167686
49,3,0.3236302262151881
49,4,0.2876594502771811
49,5,0.3236302262151881
49,6,0.35334595618167686
49,7,0.3917106528058849
49,8,0.43061246442089646
49,9,0.4603780508756521
49,10,0.4713553510758829
49,11,0.4555990340714814
49,12,0.42860214972187466
49,13,0.31354680790197187
49,14,0.19113741492727107
49,15,0.05029757837320917
50,0,0.43061246442089646
50,1,0.4603780508756521
50,2,0.4713553510758829
50,3,0.4555990340714814
50,4,0.42860214972187466
50,5,0.31354680790197187
50,6,0.19113741492727107
50,7,0.05029757837320917
50,8,-0.09576485652518335
50,9,-0.23134658744916647
50,10,-0.3404240862354082
50,11,-0.4091010375284674
50,12,-0.4481363951002855
50,13,-0.42730832664336627
50,14,-0.32478544802844267
50,15,-0.17515578194607143
51,0,-0.09576485652518335
51,1,-0.23134658744916647
51,2,-0.3404240862354082
51,3,-0.4091010375284674
51,4,-0.4481363951002855
51,5,-0.42730832664336627
51,6,-0.32478544802844267
51,7,-0.17515578194607143
51,8,-6.938893903907228e-18
51,9,0.17515578194607145
51,10,0.32478544802844267
51,11,0.42730832664336627
51,12,0.4481363951002856
51,13,0.4091010375284674
51,14,0.3404240862354082
51,15,0.23134658744916645
52,0,-6.938893903907228e-18
52,1,0.17515578194607145
52,2,0.32478544802844267
52,3,0.42730832664336627
52,4,0.4481363951002856
52,5,0.4091010375284674
52,6,0.3404240862354082
52,7,0.23134658744916645
52,8,0.09576485652518335
52,9,-0.050297578373209154
52,10,-0.1911374149272711
52,11,-0.31354680790197187
52,12,-0.4286021497218747
52,13,-0.4555990340714814
52,14,-0.4713553510758829
52,15,-0.4603780508756521
53,0,0.09576485652518335
53,1,-0.050297578373209154
53,2,-0.1911374149272711
53,3,-0.31354680790197187
53,4,-0.4286021497218747
53,5,-0.4555990340714814
53,6,-0.4713553510758829
53,7,-0.4603780508756521
53,8,-0.43061246442089646
53,9,-0.3917106528058849
53,10,-0.35334595618167686
53,11,-0.3236302262151881
53,12,-0.2876594502771811
53,13,-0.3236302262151881
53,14,-0.35334595618167686
53,15,-0.3917106528058849
54,0,-0.43061246442089646
54,1,-0.3917106528058849
54,2,-0.35334595618167686
54,3,-0.3236302262151881
54,4,-0.2876594502771811
54,5,-0.3236302262151881
54,6,-0.35334595618167686
54,7,-0.3917106528058849
54,8,-0.43061246442089646
54,9,-0.4603780508756521
54,10,-0.4713553510758829
54,11,-0.4555990340714814
54,12,-0.3881326650331138
54,13,-0.295339518787073
54,14,-0.2067760531342366
54,15,-0.10648838387630419
55,0,-0.43061246442089646
55,1,-0.4603780508756521
55,2,-0.4713553510758829
55,3,-0.4555990340714814
55,4,-0.3881326650331138
55,5,-0.295339518787073
55,6,-0.2067760531342366
55,7,-0.10648838387630419
55,8,6.938893903907228e-18
55,9,0.10648838387630417
55,10,0.20677605313423664
55,11,0.295339518787073
55,12,0.3881326650331138
55,13,0.4555990340714814
55,14,0.4713553510758829
55,15,0.4603780508756521
56,0,6.938893903907228e-18
56,1,0.10648838387630417
56,2,0.20677605313423664
56,3,0.295339518787073
56,4,0.3881326650331138
56,5,0.4555990340714814
56,6,0.4713553510758829
56,7,0.4603780508756521
56,8,0.43061246442089646
56,9,0.3917106528058849
56,10,0.35334595618167686
56,11,0.3236302262151881
56,12,0.2876594502771811
56,13,0.3236302262151881
56,14,0.35334595618167686
56,15,0.3917106528058849
57,0,0.43061246442089646
57,1,0.3917106528058849
57,2,0.35334595618167686
57,3,0.3236302262151881
57,4,0.2876594502771811
57,5,0.3236302262151881
57,6,0.35334595618167686
57,7,0.3917106528058849
57,8,0.43061246442089646
57,9,0.4603780508756521
57,10,0.4713553510758829
57,11,0.4555990340714814
57,12,0.42860214972187466
57,13,0.31354680790197187
57,14,0.19113741492727107
57,15,0.05029757837320917
58,0,0.43061246442089646
58,1,0.4603780508756521
58,2,0.4713553510758829
58,3,0.4555990340714814
58,4,0.42860214972187466
58,5,0.31354680790197187
58,6,0.19113741492727107
58,7,0.05029757837320917
58,8,-0.09576485652518335
58,9,-0.23134658744916647
58,10,-0.3404240862354082
58,11,-0.4091010375284674
58,12,-0.4481363951002855
58,13,-0.42730832664336627
58,14,-0.32478544802844267
58,15,-0.17515578194607143
59,0,-0.09576485652518335
59,1,-0.23134658744916647
59,2,-0.3404240862354082
59,3,-0.4091010375284674
59,4,-0.4481363951002855
59,5,-0.42730832664336627
59,6,-0.32478544802844267
59,7,-0.17515578194607143
59,8,-6.938893903907228e-18
59,9,0.17515578194607145
59,10,0.32478544802844267
59,11,0.42730832664336627
59,12,0.48860587978904646
59,13,0.42730832664336627
59,14,0.32478544802844267
59,15,0.17515578194607143
60,0,-6.938893903907228e-18
60,1,0.17515578194607145
60,2,0.32478544802844267
60,3,0.42730832664336627
60,4,0.48860587978904646
60,5,0.42730832664336627
60,6,0.32478544802844267
60,7,0.17515578194607143
60,8,6.938893903907228e-18
60,9,-0.17515578194607145
60,10,-0.32478544802844267
60,11,-0.42730832664336627
60,12,-0.4481363951002856
60,13,-0.4091010375284674
60,14,-0.3404240862354082
60,15,-0.23134658744916645
61,0,6.938893903907228e-18
61,1,-0.17515578194607145
61,2,-0.32478544802844267
61,3,-0.42730832664336627
61,4,-0.4481363951002856
61,5,-0.4091010375284674
61,6,-0.3404240862354082
61,7,-0.23134658744916645
61,8,-0.09576485652518335
61,9,0.050297578373209154
61,10,0.1911374149272711
61,11,0.31354680790197187
61,12,0.38813266503311383
61,13,0.4373917449565825
61,14,0.4869939892828484
61,15,0.5165688563787472
62,0,-0.09576485652518335
62,1,0.050297578373209154
62,2,0.1911374149272711
62,3,0.31354680790197187
62,4,0.38813266503311383
62,5,0.4373917449565825
62,6,0.4869939892828484
62,7,0.5165688563787472
62,8,0.5263773209460798
62,9,0.5165688563787472
62,10,0.4869939892828484
62,11,0.4373917449565825
62,12,0.3881326650331137
62,13,0.31354680790197187
62,14,0.19113741492727107
62,15,0.05029757837320917
63,0,0.5263773209460798
63,1,0.5165688563787472
63,2,0.4869939892828484
63,3,0.4373917449565825
63,4,0.3881326650331137
63,5,0.31354680790197187
63,6,0.19113741492727107
63,7,0.05029757837320917
63,8,-0.09576485652518335
63,9,-0.23134658744916647
63,10,-0.3404240862354082
63,11,-0.4091010375284674
63,12,-0.40766691041152464
63,13,-0.4091010375284674
63,14,-0.3404240862354082
63,15,-0.23134658744916645
64,0,-0.09576485652518335
64,1,-0.23134658744916647
64,2,-0.3404240862354082
64,3,-0.4091010375284674
64,4,-0.40766691041152464
64,5,-0.4091010375284674
64,6,-0.3404240862354082
64,7,-0.23134658744916645
64,8,-0.09576485652518335
64,9,0.050297578373209154
64,10,0.1911374149272711
64,11,0.31354680790197187
64,12,0.4286021497218747
64,13,0.4555990340714814
64,14,0.4713553510758829
64,15,0.4603780508756521
65,0,-0.09576485652518335
65,1,0.050297578373209154
65,2,0.1911374149272711
65,3,0.31354680790197187
65,4,0.4286021497218747
65,5,0.4555990340714814
65,6,0.4713553510758829
65,7,0.4603780508756521
65,8,0.43061246442089646
65,9,0.3917106528058849
65,10,0.35334595618167686
65,11,0.3236302262151881
65,12,0.328128934965942
65,13,0.341837515330087
65,14,0.3377073179747113
65,15,0.33551984730278983
66,0,0.43061246442089646
66,1,0.3917106528058849
66,2,0.35334595618167686
66,3,0.3236302262151881
66,4,0.328128934965942
66,5,0.341837515330087
66,6,0.3377073179747113
66,7,0.33551984730278983
66,8,0.33484760789571316
66,9,0.33551984730278983
66,10,0.3377073179747113
66,11,0.341837515330087
66,12,0.3685984196547029
66,13,0.341837515330087
66,14,0.3377073179747113
66,15,0.33551984730278983
67,0,0.33484760789571316
67,1,0.33551984730278983
67,2,0.3377073179747113
67,3,0.341837515330087
67,4,0.3685984196547029
67,5,0.341837515330087
67,6,0.3377073179747113
67,7,0.33551984730278983
67,8,0.33484760789571316
67,9,0.33551984730278983
67,10,0.3377073179747113
67,11,0.341837515330087
67,12,0.32812893496594203
67,13,0.3236302262151881
67,14,0.35334595618167686
67,15,0.3917106528058849
68,0,0.33484760789571316
68,1,0.33551984730278983
68,2,0.3377073179747113
68,3,0.341837515330087
68,4,0.32812893496594203
68,5,0.3236302262151881
68,6,0.35334595618167686
68,7,0.3917106528058849
68,8,0.43061246442089646
68,9,0.4603780508756521
68,10,0.4713553510758829
68,11,0.4555990340714814
68,12,0.42860214972187466
68,13,0.31354680790197187
68,14,0.19113741492727107
68,15,0.05029757837320917
69,0,0.43061246442089646
69,1,0.4603780508756521
69,2,0.4713553510758829
69,3,0.4555990340714814
69,4,0.42860214972187466
69,5,0.31354680790197187
69,6,0.19113741492727107
69,7,0.05029757837320917
69,8,-0.09576485652518335
69,9,-0.23134658744916647
69,10,-0.3404240862354082
69,11,-0.4091010375284674
69,12,-0.4481363951002855
69,13,-0.42730832664336627
69,14,-0.32478544802844267
69,15,-0.17515578194607143
70,0,-0.09576485652518335
70,1,-0.23134658744916647
70,2,-0.3404240862354082
70,3,-0.4091010375284674
70,4,-0.4481363951002855
70,5,-0.42730832664336627
70,6,-0.32478544802844267
70,7,-0.17515578194607143
70,8,-6.938893903907228e-18
70,9,0.17515578194607145
70,10,0.32478544802844267
70,11,0.42730832664336627
70,12,0.4481363951002856
70,13,0.4091010375284674
70,14,0.3404240862354082
70,15,0.23134658744916645
71,0,-6.938893903907228e-18
71,1,0.17515578194607145
71,2,0.32478544802844267
71,3,0.42730832664336627
71,4,0.4481363951002856
71,5,0.4091010375284674
71,6,0.3404240862354082
71,7,0.23134658744916645
71,8,0.09576485652518335
71,9,-0.050297578373209154
71,10,-0.1911374149272711
71,11,-0.31354680790197187
71,12,-0.4286021497218747
71,13,-0.4555990340714814
71,14,-0.4713553510758829
71,15,-0.4603780508756521
72,0,0.09576485652518335
72,1,-0.050297578373209154
72,2,-0.1911374149272711
72,3,-0.31354680790197187
72,4,-0.4286021497218747
72,5,-0.4555990340714814
72,6,-0.4713553510758829
72,7,-0.4603780508756521
72,8,-0.43061246442089646
72,9,-0.3917106528058849
72,10,-0.35334595618167686
72,11,-0.3236302262151881
72,12,-0.2876594502771811
72,13,-0.3236302262151881
72,14,-0.35334595618167686
72,15,-0.3917106528058849
73,0,-0.43061246442089646
73,1,-0.3917106528058849
73,2,-0.35334595618167686
73,3,-0.3236302262151881
73,4,-0.2876594502771811
73,5,-0.3236302262151881
73,6,-0.35334595618167686
73,7,-0.3917106528058849
73,8,-0.43061246442089646
73,9,-0.4603780508756521
73,10,-0.4713553510758829
73,11,-0.4555990340714814
73,12,-0.3881326650331138
73,13,-0.295339518787073
73,14,-0.2067760531342366
73,15,-0.10648838387630419
74,0,-0.43061246442089646
74,1,-0.4603780508756521
74,2,-0.4713553510758829
74,3,-0.4555990340714814
74,4,-0.3881326650331138
74,5,-0.295339518787073
74,6,-0.2067760531342366
74,7,-0.10648838387630419
74,8,6.938893903907228e-18
74,9,0.10648838387630417
74,10,0.20677605313423664
74,11,0.295339518787073
74,12,0.3881326650331138
74,13,0.4555990340714814
74,14,0.4713553510758829
74,15,0.4603780508756521
75,0,6.938893903907228e-18
75,1,0.10648838387630417
75,2,0.20677605313423664
75,3,0.295339518787073
75,4,0.3881326650331138
75,5,0.4555990340714814
75,6,0.4713553510758829
75,7,0.4603780508756521
75,8,0.43061246442089646
75,9,0.3917106528058849
75,10,0.35334595618167686
75,11,0.3236302262151881
75,12,0.328128934965942
75,13,0.341837515330087
75,14,0.3377073179747113
75,15,0.33551984730278983
76,0,0.43061246442089646
76,1,0.3917106528058849
76,2,0.35334595618167686
76,3,0.3236302262151881
76,4,0.328128934965942
76,5,0.341837515330087
76,6,0.3377073179747113
76,7,0.33551984730278983
76,8,0.33484760789571316
76,9,0.33551984730278983
76,10,0.3377073179747113
76,11,0.341837515330087
76,12,0.3685984196547029
76,13,0.341837515330087
76,14,0.3377073179747113
76,15,0.33551984730278983
77,0,0.33484760789571316
77,1,0.33551984730278983
77,2,0.3377073179747113
77,3,0.341837515330087
77,4,0.3685984196547029
77,5,0.341837515330087
77,6,0.3377073179747113
77,7,0.33551984730278983
77,8,0.33484760789571316
77,9,0.33551984730278983
77,10,0.3377073179747113
77,11,0.341837515330087
77,12,0.3685984196547029
77,13,0.341837515330087
77,14,0.3377073179747113
77,15,0.33551984730278983
78,0,0.33484760789571316
78,1,0.33551984730278983
78,2,0.3377073179747113
78,3,0.341837515330087
78,4,0.3685984196547029
78,5,0.341837515330087
78,6,0.3377073179747113
78,7,0.33551984730278983
78,8,0.33484760789571316
78,9,0.33551984730278983
78,10,0.3377073179747113
78,11,0.341837515330087
78,12,0.32812893496594203
78,13,0.3236302262151881
78,14,0.35334595618167686
78,15,0.3917106528058849
79,0,0.33484760789571316
79,1,0.33551984730278983
79,2,0.3377073179747113
79,3,0.341837515330087
79,4,0.32812893496594203
79,5,0.3236302262151881
79,6,0.35334595618167686
79,7,0.3917106528058849
79,8,0.43061246442089646
79,9,0.4603780508756521
79,10,0.4713553510758829
79,11,0.4555990340714814
79,12,0.42860214972187466
79,13,0.31354680790197187
79,14,0.19113741492727107
79,15,0.05029757837320917
80,0,0.43061246442089646
80,1,0.4603780508756521
80,2,0.4713553510758829
80,3,0.4555990340714814
80,4,0.42860214972187466
80,5,0.31354680790197187
80,6,0.19113741492727107
80,7,0.05029757837320917
80,8,-0.09576485652518335
80,9,-0.23134658744916647
80,10,-0.3404240862354082
80,11,-0.4091010375284674
80,12,-0.40766691041152464
80,13,-0.4091010375284674
80,14,-0.3404240862354082
80,15,-0.23134658744916645
81,0,-0.09576485652518335
81,1,-0.23134658744916647
81,2,-0.3404240862354082
81,3,-0.4091010375284674
81,4,-0.40766691041152464
81,5,-0.4091010375284674
81,6,-0.3404240862354082
81,7,-0.23134658744916645
81,8,-0.09576485652518335
81,9,0.050297578373209154
81,10,0.1911374149272711
81,11,0.31354680790197187
81,12,0.38813266503311383
81,13,0.4373917449565825
81,14,0.4869939892828484
81,15,0.5165688563787472
82,0,-0.09576485652518335
82,1,0.050297578373209154
82,2,0.1911374149272711
82,3,0.31354680790197187
82,4,0.38813266503311383
82,5,0.4373917449565825
82,6,0.4869939892828484
82,7,0.5165688563787472
82,8,0.5263773209460798
82,9,0.5165688563787472
82,10,0.4869939892828484
82,11,0.4373917449565825
82,12,0.34766318034435284
82,13,0.295339518787073
82,14,0.2067760531342366
82,15,0.10648838387630419
83,0,0.5263773209460798
83,1,0.5165688563787472
83,2,0.4869939892828484
83,3,0.4373917449565825
83,4,0.34766318034435284
83,5,0.295339518787073
83,6,0.2067760531342366
83,7,0.10648838387630419
83,8,-6.938893903907228e-18
83,9,-0.10648838387630417
83,10,-0.20677605313423664
83,11,-0.295339518787073
83,12,-0.3476631803443529
83,13,-0.4373917449565825
83,14,-0.4869939892828484
83,15,-0.5165688563787472
84,0,-6.938893903907228e-18
84,1,-0.10648838387630417
84,2,-0.20677605313423664
84,3,-0.295339518787073
84,4,-0.3476631803443529
84,5,-0.4373917449565825
84,6,-0.4869939892828484
84,7,-0.5165688563787472
84,8,-0.5263773209460798
84,9,-0.5165688563787472
84,10,-0.4869939892828484
84,11,-0.4373917449565825
84,12,-0.3881326650331137
84,13,-0.31354680790197187
84,14,-0.19113741492727107
84,15,-0.05029757837320917
85,0,-0.5263773209460798
85,1,-0.5165688563787472
85,2,-0.4869939892828484
85,3,-0.4373917449565825
85,4,-0.3881326650331137
85,5,-0.31354680790197187
85,6,-0.19113741492727107
85,7,-0.05029757837320917
85,8,0.09576485652518335
85,9,0.23134658744916647
85,10,0.3404240862354082
85,11,0.4091010375284674
85,12,0.4481363951002855
85,13,0.42730832664336627
85,14,0.32478544802844267
85,15,0.17515578194607143
86,0,0.09576485652518335
86,1,0.23134658744916647
86,2,0.3404240862354082
86,3,0.4091010375284674
86,4,0.4481363951002855
86,5,0.42730832664336627
86,6,0.32478544802844267
86,7,0.17515578194607143
86,8,6.938893903907228e-18
86,9,-0.17515578194607145
86,10,-0.32478544802844267
86,11,-0.42730832664336627
86,12,-0.48860587978904646
86,13,-0.42730832664336627
86,14,-0.32478544802844267
86,15,-0.17515578194607143
87,0,6.938893903907228e-18
87,1,-0.17515578194607145
87,2,-0.32478544802844267
87,3,-0.42730832664336627
87,4,-0.48860587978904646
87,5,-0.42730832664336627
87,6,-0.32478544802844267
87,7,-0.17515578194607143
87,8,-6.938893903907228e-18
87,9,0.17515578194607145
87,10,0.32478544802844267
87,11,0.42730832664336627
87,12,0.4481363951002856
87,13,0.4091010375284674
87,14,0.3404240862354082
87,15,0.23134658744916645
88,0,-6.938893903907228e-18
88,1,0.17515578194607145
88,2,0.32478544802844267
88,3,0.42730832664336627
88,4,0.4481363951002856
88,5,0.4091010375284674
88,6,0.3404240862354082
88,7,0.23134658744916645
88,8,0.09576485652518335
88,9,-0.050297578373209154
88,10,-0.1911374149272711
88,11,-0.31354680790197187
88,12,-0.4286021497218747
88,13,-0.4555990340714814
88,14,-0.4713553510758829
88,15,-0.4603780508756521
89,0,0.09576485652518335
89,1,-0.050297578373209154
89,2,-0.1911374149272711
89,3,-0.31354680790197187
89,4,-0.4286021497218747
89,5,-0.4555990340714814
89,6,-0.4713553510758829
89,7,-0.4603780508756521
89,8,-0.43061246442089646
89,9,-0.3917106528058849
89,10,-0.35334595618167686
89,11,-0.3236302262151881
89,12,-0.328128934965942
89,13,-0.341837515330087
89,14,-0.3377073179747113
89,15,-0.33551984730278983
90,0,-0.43061246442089646
90,1,-0.3917106528058849
90,2,-0.35334595618167686
90,3,-0.3236302262151881
90,4,-0.328128934965942
90,5,-0.341837515330087
90,6,-0.3377073179747113
90,7,-0.33551984730278983
90,8,-0.33484760789571316
90,9,-0.33551984730278983
90,10,-0.3377073179747113
90,11,-0.341837515330087
90,12,-0.32812893496594203
90,13,-0.3236302262151881
90,14,-0.35334595618167686
90,15,-0.3917106528058849
91,0,-0.33484760789571316
91,1,-0.33551984730278983
91,2,-0.3377073179747113
91,3,-0.341837515330087
91,4,-0.32812893496594203
91,5,-0.3236302262151881
91,6,-0.35334595618167686
91,7,-0.3917106528058849
91,8,-0.43061246442089646
91,9,-0.4603780508756521
91,10,-0.4713553510758829
91,11,-0.4555990340714814
91,12,-0.42860214972187466
91,13,-0.31354680790197187
91,14,-0.19113741492727107
91,15,-0.05029757837320917
92,0,-0.43061246442089646
92,1,-0.4603780508756521
92,2,-0.4713553510758829
92,3,-0.4555990340714814
92,4,-0.42860214972187466
92,5,-0.31354680790197187
92,6,-0.19113741492727107
92,7,-0.05029757837320917
92,8,0.09576485652518335
92,9,0.23134658744916647
92,10,0.3404240862354082
92,11,0.4091010375284674
92,12,0.40766691041152464
92,13,0.4091010375284674
92,14,0.3404240862354082
92,15,0.23134658744916645
93,0,0.09576485652518335
93,1,0.23134658744916647
93,2,0.3404240862354082
93,3,0.4091010375284674
93,4,0.40766691041152464
93,5,0.4091010375284674
93,6,0.3404240862354082
93,7,0.23134658744916645
93,8,0.09576485652518335
93,9,-0.050297578373209154
93,10,-0.1911374149272711
93,11,-0.31354680790197187
93,12,-0.38813266503311383
93,13,-0.4373917449565825
93,14,-0.4869939892828484
93,15,-0.5165688563787472
94,0,0.09576485652518335
94,1,-0.050297578373209154
94,2,-0.1911374149272711
94,3,-0.31354680790197187
94,4,-0.38813266503311383
94,5,-0.4373917449565825
94,6,-0.4869939892828484
94,7,-0.5165688563787472
94,8,-0.5263773209460798
94,9,-0.5165688563787472
94,10,-0.4869939892828484
94,11,-0.4373917449565825
94,12,-0.34766318034435284
94,13,-0.295339518787073
94,14,-0.2067760531342366
94,15,-0.10648838387630419
95,0,-0.5263773209460798
95,1,-0.5165688563787472
95,2,-0.4869939892828484
95,3,-0.4373917449565825
95,4,-0.34766318034435284
95,5,-0.295339518787073
95,6,-0.2067760531342366
95,7,-0.10648838387630419
95,8,6.938893903907228e-18
95,9,0.10648838387630417
95,10,0.20677605313423664
95,11,0.295339518787073
95,12,0.3476631803443529
95,13,0.4373917449565825
95,14,0.4869939892828484
95,15,0.5165688563787472
96,0,6.938893903907228e-18
96,1,0.10648838387630417
96,2,0.20677605313423664
96,3,0.295339518787073
96,4,0.3476631803443529
96,5,0.4373917449565825
96,6,0.4869939892828484
96,7,0.5165688563787472
96,8,0.5263773209460798
96,9,0.5165688563787472
96,10,0.4869939892828484
96,11,0.4373917449565825
96,12,0.3881326650331137
96,13,0.31354680790197187
96,14,0.19113741492727107
96,15,0.05029757837320917
97,0,0.5263773209460798
97,1,0.5165688563787472
97,2,0.4869939892828484
97,3,0.4373917449565825
97,4,0.3881326650331137
97,5,0.31354680790197187
97,6,0.19113741492727107
97,7,0.05029757837320917
97,8,-0.09576485652518335
97,9,-0.23134658744916647
97,10,-0.3404240862354082
97,11,-0.4091010375284674
97,12,-0.4481363951002855
97,13,-0.42730832664336627
97,14,-0.32478544802844267
97,15,-0.17515578194607143
98,0,-0.09576485652518335
98,1,-0.23134658744916647
98,2,-0.3404240862354082
98,3,-0.4091010375284674
98,4,-0.4481363951002855
98,5,-0.42730832664336627
98,6,-0.32478544802844267
98,7,-0.17515578194607143
98,8,-6.938893903907228e-18
98,9,0.17515578194607145
98,10,0.32478544802844267
98,11,0.42730832664336627
98,12,0.48860587978904646
98,13,0.42730832664336627
98,14,0.32478544802844267
98,15,0.17515578194607143
99,0,-6.938893903907228e-18
99,1,0.17515578194607145
99,2,0.32478544802844267
99,3,0.42730832664336627
99,4,0.48860587978904646
99,5,0.42730832664336627
99,6,0.32478544802844267
99,7,0.17515578194607143
99,8,6.938893903907228e-18
99,9,-0.17515578194607145
99,10,-0.32478544802844267
99,11,-0.42730832664336627
99,12,-0.48860587978904646
99,13,-0.42730832664336627
99,14,-0.32478544802844267
99,15,-0.17515578194607143
100,0,6.938893903907228e-18
100,1,-0.17515578194607145
100,2,-0.32478544802844267
100,3,-0.42730832664336627
100,4,-0.48860587978904646
100,5,-0.42730832664336627
100,6,-0.32478544802844267
100,7,-0.17515578194607143
100,8,-6.938893903907228e-18
100,9,0.17515578194607145
100,10,0.32478544802844267
100,11,0.42730832664336627
100,12,0.48860587978904646
100,13,0.42730832664336627
100,14,0.32478544802844267
100,15,0.17515578194607143
101,0,-6.938893903907228e-18
101,1,0.17515578194607145
101,2,0.32478544802844267
101,3,0.42730832664336627
101,4,0.48860587978904646
101,5,0.42730832664336627
101,6,0.32478544802844267
101,7,0.17515578194607143
101,8,6.938893903907228e-18
101,9,-0.17515578194607145
101,10,-0.32478544802844267
101,11,-0.42730832664336627
101,12,-0.4481363951002856
101,13,-0.4091010375284674
101,14,-0.3404240862354082
101,15,-0.23134658744916645
102,0,6.938893903907228e-18
102,1,-0.17515578194607145
102,2,-0.32478544802844267
102,3,-0.42730832664336627
102,4,-0.4481363951002856
102,5,-0.4091010375284674
102,6,-0.3404240862354082
102,7,-0.23134658744916645
102,8,-0.09576485652518335
102,9,0.050297578373209154
102,10,0.1911374149272711
102,11,0.31354680790197187
102,12,0.4286021497218747
102,13,0.4555990340714814
102,14,0.4713553510758829
102,15,0.4603780508756521
103,0,-0.09576485652518335
103,1,0.050297578373209154
103,2,0.1911374149272711
103,3,0.31354680790197187
103,4,0.4286021497218747
103,5,0.4555990340714814
103,6,0.4713553510758829
103,7,0.4603780508756521
103,8,0.43061246442089646
103,9,0.3917106528058849
103,10,0.35334595618167686
103,11,0.3236302262151881
103,12,0.328128934965942
103,13,0.341837515330087
103,14,0.3377073179747113
103,15,0.33551984730278983
104,0,0.43061246442089646
104,1,0.3917106528058849
104,2,0.35334595618167686
104,3,0.3236302262151881
104,4,0.328128934965942
104,5,0.341837515330087
104,6,0.3377073179747113
104,7,0.33551984730278983
104,8,0.33484760789571316
104,9,0.33551984730278983
104,10,0.3377073179747113
104,11,0.341837515330087
104,12,0.32812893496594203
104,13,0.3236302262151881
104,14,0.35334595618167686
104,15,0.3917106528058849
105,0,0.33484760789571316
105,1,0.33551984730278983
105,2,0.3377073179747113
105,3,0.341837515330087
105,4,0.32812893496594203
105,5,0.3236302262151881
105,6,0.35334595618167686
105,7,0.3917106528058849
105,8,0.43061246442089646
105,9,0.4603780508756521
105,10,0.4713553510758829
105,11,0.4555990340714814
105,12,0.42860214972187466
105,13,0.31354680790197187
105,14,0.19113741492727107
105,15,0.05029757837320917
106,0,0.43061246442089646
106,1,0.4603780508756521
106,2,0.4713553510758829
106,3,0.4555990340714814
106,4,0.42860214972187466
106,5,0.31354680790197187
106,6,0.19113741492727107
106,7,0.05029757837320917
106,8,-0.09576485652518335
106,9,-0.23134658744916647
106,10,-0.3404240862354082
106,11,-0.4091010375284674
106,12,-0.4481363951002855
106,13,-0.42730832664336627
106,14,-0.32478544802844267
106,15,-0.17515578194607143
107,0,-0.09576485652518335
107,1,-0.23134658744916647
107,2,-0.3404240862354082
107,3,-0.4091010375284674
107,4,-0.4481363951002855
107,5,-0.42730832664336627
107,6,-0.32478544802844267
107,7,-0.17515578194607143
107,8,-6.938893903907228e-18
107,9,0.17515578194607145
107,10,0.32478544802844267
107,11,0.42730832664336627
107,12,0.4481363951002856
107,13,0.4091010375284674
107,14,0.3404240862354082
107,15,0.23134658744916645
108,0,-6.938893903907228e-18
108,1,0.17515578194607145
108,2,0.32478544802844267
108,3,0.42730832664336627
108,4,0.4481363951002856
108,5,0.4091010375284674
108,6,0.3404240862354082
108,7,0.23134658744916645
108,8,0.09576485652518335
108,9,-0.050297578373209154
108,10,-0.1911374149272711
108,11,-0.31354680790197187
108,12,-0.4286021497218747
108,13,-0.4555990340714814
108,14,-0.4713553510758829
108,15,-0.4603780508756521
109,0,0.09576485652518335
109,1,-0.050297578373209154
109,2,-0.1911374149272711
109,3,-0.31354680790197187
109,4,-0.4286021497218747
109,5,-0.4555990340714814
109,6,-0.4713553510758829
109,7,-0.4603780508756521
109,8,-0.43061246442089646
109,9,-0.3917106528058849
109,10,-0.35334595618167686
109,11,-0.3236302262151881
109,12,-0.328128934965942
109,13,-0.341837515330087
109,14,-0.3377073179747113
109,15,-0.33551984730278983
110,0,-0.43061246442089646
110,1,-0.3917106528058849
110,2,-0.35334595618167686
110,3,-0.3236302262151881
110,4,-0.328128934965942
110,5,-0.341837515330087
110,6,-0.3377073179747113
110,7,-0.33551984730278983
110,8,-0.33484760789571316
110,9,-0.33551984730278983
110,10,-0.3377073179747113
110,11,-0.341837515330087
110,12,-0.3685984196547029
110,13,-0.341837515330087
110,14,-0.3377073179747113
110,15,-0.33551984730278983
111,0,-0.33484760789571316
111,1,-0.33551984730278983
111,2,-0.3377073179747113
111,3,-0.341837515330087
111,4,-0.3685984196547029
111,5,-0.341837515330087
111,6,-0.3377073179747113
111,7,-0.33551984730278983
111,8,-0.33484760789571316
111,9,-0.33551984730278983
111,10,-0.3377073179747113
111,11,-0.341837515330087
111,12,-0.32812893496594203
111,13,-0.3236302262151881
111,14,-0.35334595618167686
111,15,-0.3917106528058849
112,0,-0.33484760789571316
112,1,-0.33551984730278983
112,2,-0.3377073179747113
112,3,-0.341837515330087
112,4,-0.32812893496594203
112,5,-0.3236302262151881
112,6,-0.35334595618167686
112,7,-0.3917106528058849
112,8,-0.43061246442089646
112,9,-0.4603780508756521
112,10,-0.4713553510758829
112,11,-0.4555990340714814
112,12,-0.42860214972187466
112,13,-0.31354680790197187
112,14,-0.19113741492727107
112,15,-0.05029757837320917
113,0,-0.43061246442089646
113,1,-0.4603780508756521
113,2,-0.4713553510758829
113,3,-0.4555990340714814
113,4,-0.42860214972187466
113,5,-0.31354680790197187
113,6,-0.19113741492727107
113,7,-0.05029757837320917
113,8,0.09576485652518335
113,9,0.23134658744916647
113,10,0.3404240862354082
113,11,0.4091010375284674
113,12,0.40766691041152464
113,13,0.4091010375284674
113,14,0.3404240862354082
113,15,0.23134658744916645
114,0,0.09576485652518335
114,1,0.23134658744916647
114,2,0.3404240862354082
114,3,0.4091010375284674
114,4,0.40766691041152464
114,5,0.4091010375284674
114,6,0.3404240862354082
114,7,0.23134658744916645
114,8,0.09576485652518335
114,9,-0.050297578373209154
114,10,-0.1911374149272711
114,11,-0.31354680790197187
114,12,-0.38813266503311383
114,13,-0.4373917449565825
114,14,-0.4869939892828484
114,15,-0.5165688563787472
115,0,0.09576485652518335
115,1,-0.050297578373209154
115,2,-0.1911374149272711
115,3,-0.31354680790197187
115,4,-0.38813266503311383
115,5,-0.4373917449565825
115,6,-0.4869939892828484
115,7,-0.5165688563787472
115,8,-0.5263773209460798
115,9,-0.5165688563787472
115,10,-0.4869939892828484
115,11,-0.4373917449565825
115,12,-0.34766318034435284
115,13,-0.295339518787073
115,14,-0.2067760531342366
115,15,-0.10648838387630419
116,0,-0.5263773209460798
116,1,-0.5165688563787472
116,2,-0.4869939892828484
116,3,-0.4373917449565825
116,4,-0.34766318034435284
116,5,-0.295339518787073
116,6,-0.2067760531342366
116,7,-0.10648838387630419
116,8,6.938893903907228e-18
116,9,0.10648838387630417
116,10,0.20677605313423664
116,11,0.295339518787073
116,12,0.3476631803443529
116,13,0.4373917449565825
116,14,0.4869939892828484
116,15,0.5165688563787472
117,0,6.938893903907228e-18
117,1,0.10648838387630417
117,2,0.20677605313423664
117,3,0.295339518787073
117,4,0.3476631803443529
117,5,0.4373917449565825
117,6,0.4869939892828484
117,7,0.5165688563787472
117,8,0.5263773209460798
117,9,0.5165688563787472
117,10,0.4869939892828484
117,11,0.4373917449565825
117,12,0.34766318034435284
117,13,0.295339518787073
117,14,0.2067760531342366
117,15,0.10648838387630419
118,0,0.5263773209460798
118,1,0.5165688563787472
118,2,0.4869939892828484
118,3,0.4373917449565825
118,4,0.34766318034435284
118,5,0.295339518787073
118,6,0.2067760531342366
118,7,0.10648838387630419
118,8,-6.938893903907228e-18
118,9,-0.10648838387630417
118,10,-0.20677605313423664
118,11,-0.295339518787073
118,12,-0.3476631803443529
118,13,-0.4373917449565825
118,14,-0.4869939892828484
118,15,-0.5165688563787472
119,0,-6.938893903907228e-18
119,1,-0.10648838387630417
119,2,-0.20677605313423664
119,3,-0.295339518787073
119,4,-0.3476631803443529
119,5,-0.4373917449565825
119,6,-0.4869939892828484
119,7,-0.5165688563787472
119,8,-0.5263773209460798
119,9,-0.5165688563787472
119,10,-0.4869939892828484
119,11,-0.4373917449565825
119,12,-0.3881326650331137
119,13,-0.31354680790197187
119,14,-0.19113741492727107
119,15,-0.05029757837320917
120,0,-0.5263773209460798
120,1,-0.5165688563787472
120,2,-0.4869939892828484
120,3,-0.4373917449565825
120,4,-0.3881326650331137
120,5,-0.31354680790197187
120,6,-0.19113741492727107
120,7,-0.05029757837320917
120,8,0.09576485652518335
120,9,0.23134658744916647
120,10,0.3404240862354082
120,11,0.4091010375284674
120,12,0.40766691041152464
120,13,0.4091010375284674
120,14,0.3404240862354082
120,15,0.23134658744916645
121,0,0.09576485652518335
121,1,0.23134658744916647
121,2,0.3404240862354082
121,3,0.4091010375284674
121,4,0.40766691041152464
121,5,0.4091010375284674
121,6,0.3404240862354082
121,7,0.23134658744916645
121,8,0.09576485652518335
121,9,-0.050297578373209154
121,10,-0.1911374149272711
121,11,-0.31354680790197187
121,12,-0.4286021497218747
121,13,-0.4555990340714814
121,14,-0.4713553510758829
121,15,-0.4603780508756521
122,0,0.09576485652518335
122,1,-0.050297578373209154
122,2,-0.1911374149272711
122,3,-0.31354680790197187
122,4,-0.4286021497218747
122,5,-0.4555990340714814
122,6,-0.4713553510758829
122,7,-0.4603780508756521
122,8,-0.43061246442089646
122,9,-0.3917106528058849
122,10,-0.35334595618167686
122,11,-0.3236302262151881
122,12,-0.2876594502771811
122,13,-0.3236302262151881
122,14,-0.35334595618167686
122,15,-0.3917106528058849
123,0,-0.43061246442089646
123,1,-0.3917106528058849
123,2,-0.35334595618167686
123,3,-0.3236302262151881
123,4,-0.2876594502771811
123,5,-0.3236302262151881
123,6,-0.35334595618167686
123,7,-0.3917106528058849
123,8,-0.43061246442089646
123,9,-0.4603780508756521
123,10,-0.4713553510758829
123,11,-0.4555990340714814
123,12,-0.42860214972187466
123,13,-0.31354680790197187
123,14,-0.19113741492727107
123,15,-0.05029757837320917
124,0,-0.43061246442089646
124,1,-0.4603780508756521
124,2,-0.4713553510758829
124,3,-0.4555990340714814
124,4,-0.42860214972187466
124,5,-0.31354680790197187
124,6,-0.19113741492727107
124,7,-0.05029757837320917
124,8,0.09576485652518335
124,9,0.23134658744916647
124,10,0.3404240862354082
124,11,0.4091010375284674
124,12,0.4481363951002855
124,13,0.42730832664336627
124,14,0.32478544802844267
124,15,0.17515578194607143
125,0,0.09576485652518335
125,1,0.23134658744916647
125,2,0.3404240862354082
125,3,0.4091010375284674
125,4,0.4481363951002855
125,5,0.42730832664336627
125,6,0.32478544802844267
125,7,0.17515578194607143
125,8,6.938893903907228e-18
125,9,-0.17515578194607145
125,10,-0.32478544802844267
125,11,-0.42730832664336627
125,12,-0.4481363951002856
125,13,-0.4091010375284674
125,14,-0.3404240862354082
125,15,-0.23134658744916645
126,0,6.938893903907228e-18
126,1,-0.17515578194607145
126,2,-0.32478544802844267
126,3,-0.42730832664336627
126,4,-0.4481363951002856
126,5,-0.4091010375284674
126,6,-0.3404240862354082
126,7,-0.23134658744916645
126,8,-0.09576485652518335
126,9,0.050297578373209154
126,10,0.1911374149272711
126,11,0.31354680790197187
126,12,0.38813266503311383
126,13,0.4373917449565825
126,14,0.4869939892828484
126,15,0.5165688563787472
127,0,-0.09576485652518335
127,1,0.050297578373209154
127,2,0.1911374149272711
127,3,0.31354680790197187
127,4,0.38813266503311383
127,5,0.4373917449565825
127,6,0.4869939892828484
127,7,0.5165688563787472
127,8,0.5263773209460798
127,9,0.5165688563787472
127,10,0.4869939892828484
127,11,0.4373917449565825
127,12,0.3881326650331137
127,13,0.31354680790197187
127,14,0.19113741492727107
127,15,0.05029757837320917
128,0,0.5263773209460798
128,1,0.5165688563787472
128,2,0.4869939892828484
128,3,0.4373917449565825
128,4,0.3881326650331137
128,5,0.31354680790197187
128,6,0.19113741492727107
128,7,0.05029757837320917
128,8,-0.09576485652518335
128,9,-0.23134658744916647
128,10,-0.3404240862354082
128,11,-0.4091010375284674
128,12,-0.40766691041152464
128,13,-0.4091010375284674
128,14,-0.3404240862354082
128,15,-0.23134658744916645
129,0,-0.09576485652518335
129,1,-0.23134658744916647
129,2,-0.3404240862354082
129,3,-0.4091010375284674
129,4,-0.40766691041152464
129,5,-0.4091010375284674
129,6,-0.3404240862354082
129,7,-0.23134658744916645
129,8,-0.09576485652518335
129,9,0.050297578373209154
129,10,0.1911374149272711
129,11,0.31354680790197187
129,12,0.38813266503311383
129,13,0.4373917449565825
129,14,0.4869939892828484
129,15,0.5165688563787472
130,0,-0.09576485652518335
130,1,0.050297578373209154
130,2,0.1911374149272711
130,3,0.31354680790197187
130,4,0.38813266503311383
130,5,0.4373917449565825
130,6,0.4869939892828484
130,7,0.5165688563787472
130,8,0.5263773209460798
130,9,0.5165688563787472
130,10,0.4869939892828484
130,11,0.4373917449565825
130,12,0.3881326650331137
130,13,0.31354680790197187
130,14,0.19113741492727107
130,15,0.05029757837320917
131,0,0.5263773209460798
131,1,0.5165688563787472
131,2,0.4869939892828484
131,3,0.4373917449565825
131,4,0.3881326650331137
131,5,0.31354680790197187
131,6,0.19113741492727107
131,7,0.05029757837320917
131,8,-0.09576485652518335
131,9,-0.23134658744916647
131,10,-0.3404240862354082
131,11,-0.4091010375284674
131,12,-0.40766691041152464
131,13,-0.4091010375284674
131,14,-0.3404240862354082
131,15,-0.23134658744916645
132,0,-0.09576485652518335
132,1,-0.23134658744916647
132,2,-0.3404240862354082
132,3,-0.4091010375284674
132,4,-0.40766691041152464
132,5,-0.4091010375284674
132,6,-0.3404240862354082
132,7,-0.23134658744916645
132,8,-0.09576485652518335
132,9,0.050297578373209154
132,10,0.1911374149272711
132,11,0.31354680790197187
132,12,0.4286021497218747
132,13,0.4555990340714814
132,14,0.4713553510758829
132,15,0.4603780508756521
133,0,-0.09576485652518335
133,1,0.050297578373209154
133,2,0.1911374149272711
133,3,0.31354680790197187
133,4,0.4286021497218747
133,5,0.4555990340714814
133,6,0.4713553510758829
133,7,0.4603780508756521
133,8,0.43061246442089646
133,9,0.3917106528058849
133,10,0.35334595618167686
133,11,0.3236302262151881
133,12,0.328128934965942
133,13,0.341837515330087
133,14,0.3377073179747113
133,15,0.33551984730278983
134,0,0.43061246442089646
134,1,0.3917106528058849
134,2,0.35334595618167686
134,3,0.3236302262151881
134,4,0.328128934965942
134,5,0.341837515330087
134,6,0.3377073179747113
134,7,0.33551984730278983
134,8,0.33484760789571316
134,9,0.33551984730278983
134,10,0.3377073179747113
134,11,0.341837515330087
134,12,0.3685984196547029
134,13,0.341837515330087
134,14,0.3377073179747113
134,15,0.33551984730278983
135,0,0.33484760789571316
135,1,0.33551984730278983
135,2,0.3377073179747113
135,3,0.341837515330087
135,4,0.3685984196547029
135,5,0.341837515330087
135,6,0.3377073179747113
135,7,0.33551984730278983
135,8,0.33484760789571316
135,9,0.33551984730278983
135,10,0.3377073179747113
135,11,0.341837515330087
135,12,0.32812893496594203
135,13,0.3236302262151881
135,14,0.35334595618167686
135,15,0.3917106528058849
136,0,0.33484760789571316
136,1,0.33551984730278983
136,2,0.3377073179747113
136,3,0.341837515330087
136,4,0.32812893496594203
136,5,0.3236302262151881
136,6,0.35334595618167686
136,7,0.3917106528058849
136,8,0.43061246442089646
136,9,0.4603780508756521
136,10,0.4713553510758829
136,11,0.4555990340714814
136,12,0.3881326650331138
136,13,0.295339518787073
136,14,0.2067760531342366
136,15,0.10648838387630419
137,0,0.43061246442089646
137,1,0.4603780508756521
137,2,0.4713553510758829
137,3,0.4555990340714814
137,4,0.3881326650331138
137,5,0.295339518787073
137,6,0.2067760531342366
137,7,0.10648838387630419
137,8,-6.938893903907228e-18
137,9,-0.10648838387630417
137,10,-0.20677605313423664
137,11,-0.295339518787073
137,12,-0.3476631803443529
137,13,-0.4373917449565825
137,14,-0.4869939892828484
137,15,-0.5165688563787472
138,0,-6.938893903907228e-18
138,1,-0.10648838387630417
138,2,-0.20677605313423664
138,3,-0.295339518787073
138,4,-0.3476631803443529
138,5,-0.4373917449565825
138,6,-0.4869939892828484
138,7,-0.5165688563787472
138,8,-0.5263773209460798
138,9,-0.5165688563787472
138,10,-0.4869939892828484
138,11,-0.4373917449565825
138,12,-0.3881326650331137
138,13,-0.31354680790197187
138,14,-0.19113741492727107
138,15,-0.05029757837320917
139,0,-0.5263773209460798
139,1,-0.5165688563787472
139,2,-0.4869939892828484
139,3,-0.4373917449565825
139,4,-0.3881326650331137
139,5,-0.31354680790197187
139,6,-0.19113741492727107
139,7,-0.05029757837320917
139,8,0.09576485652518335
139,9,0.23134658744916647
139,10,0.3404240862354082
139,11,0.4091010375284674
139,12,0.4481363951002855
139,13,0.42730832664336627
139,14,0.32478544802844267
139,15,0.17515578194607143
140,0,0.09576485652518335
140,1,0.23134658744916647
140,2,0.3404240862354082
140,3,0.4091010375284674
140,4,0.4481363951002855
140,5,0.42730832664336627
140,6,0.32478544802844267
140,7,0.17515578194607143
140,8,6.938893903907228e-18
140,9,-0.17515578194607145
140,10,-0.32478544802844267
140,11,-0.42730832664336627
140,12,-0.4481363951002856
140,13,-0.4091010375284674
140,14,-0.3404240862354082
140,15,-0.23134658744916645
141,0,6.938893903907228e-18
141,1,-0.17515578194607145
141,2,-0.32478544802844267
141,3,-0.42730832664336627
141,4,-0.4481363951002856
141,5,-0.4091010375284674
141,6,-0.3404240862354082
141,7,-0.23134658744916645
141,8,-0.09576485652518335
141,9,0.050297578373209154
141,10,0.1911374149272711
141,11,0.31354680790197187
141,12,0.38813266503311383
141,13,0.4373917449565825
141,14,0.4869939892828484
141,15,0.5165688563787472
142,0,-0.09576485652518335
142,1,0.050297578373209154
142,2,0.1911374149272711
142,3,0.31354680790197187
142,4,0.38813266503311383
142,5,0.4373917449565825
142,6,0.4869939892828484
142,7,0.5165688563787472
142,8,0.5263773209460798
142,9,0.5165688563787472
142,10,0.4869939892828484
142,11,0.4373917449565825
142,12,0.3881326650331137
142,13,0.31354680790197187
142,14,0.19113741492727107
142,15,0.05029757837320917
143,0,0.5263773209460798
143,1,0.5165688563787472
143,2,0.4869939892828484
143,3,0.4373917449565825
143,4,0.3881326650331137
143,5,0.31354680790197187
143,6,0.19113741492727107
143,7,0.05029757837320917
143,8,-0.09576485652518335
143,9,-0.23134658744916647
143,10,-0.3404240862354082
143,11,-0.4091010375284674
143,12,-0.4481363951002855
143,13,-0.42730832664336627
143,14,-0.32478544802844267
143,15,-0.17515578194607143
144,0,-0.09576485652518335
144,1,-0.23134658744916647
144,2,-0.3404240862354082
144,3,-0.4091010375284674
144,4,-0.4481363951002855
144,5,-0.42730832664336627
144,6,-0.32478544802844267
144,7,-0.17515578194607143
144,8,-6.938893903907228e-18
144,9,0.17515578194607145
144,10,0.32478544802844267
144,11,0.42730832664336627
144,12,0.4481363951002856
144,13,0.4091010375284674
144,14,0.3404240862354082
144,15,0.23134658744916645
145,0,-6.938893903907228e-18
145,1,0.17515578194607145
145,2,0.32478544802844267
145,3,0.42730832664336627
145,4,0.4481363951002856
145,5,0.4091010375284674
145,6,0.3404240862354082
145,7,0.23134658744916645
145,8,0.09576485652518335
145,9,-0.050297578373209154
145,10,-0.1911374149272711
145,11,-0.31354680790197187
145,12,-0.4286021497218747
145,13,-0.4555990340714814
145,14,-0.4713553510758829
145,15,-0.4603780508756521
146,0,0.09576485652518335
146,1,-0.050297578373209154
146,2,-0.1911374149272711
146,3,-0.31354680790197187
146,4,-0.4286021497218747
146,5,-0.4555990340714814
146,6,-0.4713553510758829
146,7,-0.4603780508756521
146,8,-0.43061246442089646
146,9,-0.3917106528058849
146,10,-0.35334595618167686
146,11,-0.3236302262151881
146,12,-0.2876594502771811
146,13,-0.3236302262151881
146,14,-0.35334595618167686
146,15,-0.3917106528058849
147,0,-0.43061246442089646
147,1,-0.3917106528058849
147,2,-0.35334595618167686
147,3,-0.3236302262151881
147,4,-0.2876594502771811
147,5,-0.3236302262151881
147,6,-0.35334595618167686
147,7,-0.3917106528058849
147,8,-0.43061246442089646
147,9,-0.4603780508756521
147,10,-0.4713553510758829
147,11,-0.4555990340714814
147,12,-0.3881326650331138
147,13,-0.295339518787073
147,14,-0.2067760531342366
147,15,-0.10648838387630419
148,0,-0.43061246442089646
148,1,-0.4603780508756521
148,2,-0.4713553510758829
148,3,-0.4555990340714814
148,4,-0.3881326650331138
148,5,-0.295339518787073
148,6,-0.2067760531342366
148,7,-0.10648838387630419
148,8,6.938893903907228e-18
148,9,0.10648838387630417
148,10,0.20677605313423664
148,11,0.295339518787073
148,12,0.3881326650331138
148,13,0.4555990340714814
148,14,0.4713553510758829
148,15,0.4603780508756521
149,0,6.938893903907228e-18
149,1,0.10648838387630417
149,2,0.20677605313423664
149,3,0.295339518787073
149,4,0.3881326650331138
149,5,0.4555990340714814
149,6,0.4713553510758829
149,7,0.4603780508756521
149,8,0.43061246442089646
149,9,0.3917106528058849
149,10,0.35334595618167686
149,11,0.3236302262151881
149,12,0.328128934965942
149,13,0.341837515330087
149,14,0.3377073179747113
149,15,0.33551984730278983
150,0,0.43061246442089646
150,1,0.3917106528058849
150,2,0.35334595618167686
150,3,0.3236302262151881
150,4,0.328128934965942
150,5,0.341837515330087
150,6,0.3377073179747113
150,7,0.33551984730278983
150,8,0.33484760789571316
150,9,0.33551984730278983
150,10,0.3377073179747113
150,11,0.341837515330087
150,12,0.3685984196547029
150,13,0.341837515330087
150,14,0.3377073179747113
150,15,0.33551984730278983
151,0,0.33484760789571316
151,1,0.33551984730278983
151,2,0.3377073179747113
151,3,0.341837515330087
151,4,0.3685984196547029
151,5,0.341837515330087
151,6,0.3377073179747113
151,7,0.33551984730278983
151,8,0.33484760789571316
151,9,0.33551984730278983
151,10,0.3377073179747113
151,11,0.341837515330087
151,12,0.32812893496594203
151,13,0.3236302262151881
151,14,0.35334595618167686
151,15,0.3917106528058849
152,0,0.33484760789571316
152,1,0.33551984730278983
152,2,0.3377073179747113
152,3,0.341837515330087
152,4,0.32812893496594203
152,5,0.3236302262151881
152,6,0.35334595618167686
152,7,0.3917106528058849
152,8,0.43061246442089646
152,9,0.4603780508756521
152,10,0.4713553510758829
152,11,0.4555990340714814
152,12,0.3881326650331138
152,13,0.295339518787073
152,14,0.2067760531342366
152,15,0.10648838387630419
153,0,0.43061246442089646
153,1,0.4603780508756521
153,2,0.4713553510758829
153,3,0.4555990340714814
153,4,0.3881326650331138
153,5,0.295339518787073
153,6,0.2067760531342366
153,7,0.10648838387630419
153,8,-6.938893903907228e-18
153,9,-0.10648838387630417
153,10,-0.20677605313423664
153,11,-0.295339518787073
153,12,-0.3476631803443529
153,13,-0.4373917449565825
153,14,-0.4869939892828484
153,15,-0.5165688563787472
154,0,-6.938893903907228e-18
154,1,-0.10648838387630417
154,2,-0.20677605313423664
154,3,-0.295339518787073
154,4,-0.3476631803443529
154,5,-0.4373917449565825
154,6,-0.4869939892828484
154,7,-0.5165688563787472
154,8,-0.5263773209460798
154,9,-0.5165688563787472
154,10,-0.4869939892828484
154,11,-0.4373917449565825
154,12,-0.3881326650331137
154,13,-0.31354680790197187
154,14,-0.19113741492727107
154,15,-0.05029757837320917
155,0,-0.5263773209460798
155,1,-0.5165688563787472
155,2,-0.4869939892828484
155,3,-0.4373917449565825
155,4,-0.3881326650331137
155,5,-0.31354680790197187
155,6,-0.19113741492727107
155,7,-0.05029757837320917
155,8,0.09576485652518335
155,9,0.23134658744916647
155,10,0.3404240862354082
155,11,0.4091010375284674
155,12,0.40766691041152464
155,13,0.4091010375284674
155,14,0.3404240862354082
155,15,0.23134658744916645
156,0,0.09576485652518335
156,1,0.23134658744916647
156,2,0.3404240862354082
156,3,0.4091010375284674
156,4,0.40766691041152464
156,5,0.4091010375284674
156,6,0.3404240862354082
156,7,0.23134658744916645
156,8,0.09576485652518335
156,9,-0.050297578373209154
156,10,-0.1911374149272711
156,11,-0.31354680790197187
156,12,-0.4286021497218747
156,13,-0.4555990340714814
156,14,-0.4713553510758829
156,15,-0.4603780508756521
157,0,0.09576485652518335
157,1,-0.050297578373209154
157,2,-0.1911374149272711
157,3,-0.31354680790197187
157,4,-0.4286021497218747
157,5,-0.4555990340714814
157,6,-0.4713553510758829
157,7,-0.4603780508756521
157,8,-0.43061246442089646
157,9,-0.3917106528058849
157,10,-0.35334595618167686
157,11,-0.3236302262151881
157,12,-0.2876594502771811
157,13,-0.3236302262151881
157,14,-0.35334595618167686
157,15,-0.3917106528058849
158,0,-0.43061246442089646
158,1,-0.3917106528058849
158,2,-0.35334595618167686
158,3,-0.3236302262151881
158,4,-0.2876594502771811
158,5,-0.3236302262151881
158,6,-0.35334595618167686
158,7,-0.3917106528058849
158,8,-0.43061246442089646
158,9,-0.4603780508756521
158,10,-0.4713553510758829
158,11,-0.4555990340714814
158,12,-0.42860214972187466
158,13,-0.31354680790197187
158,14,-0.19113741492727107
158,15,-0.05029757837320917
159,0,-0.43061246442089646
159,1,-0.4603780508756521
159,2,-0.4713553510758829
159,3,-0.4555990340714814
159,4,-0.42860214972187466
159,5,-0.31354680790197187
159,6,-0.19113741492727107
159,7,-0.05029757837320917
159,8,0.09576485652518335
159,9,0.23134658744916647
159,10,0.3404240862354082
159,11,0.4091010375284674
159,12,0.4481363951002855
159,13,0.42730832664336627
159,14,0.32478544802844267
159,15,0.17515578194607143
160,0,0.09576485652518335
160,1,0.23134658744916647
160,2,0.3404240862354082
160,3,0.4091010375284674
160,4,0.4481363951002855
160,5,0.42730832664336627
160,6,0.32478544802844267
160,7,0.17515578194607143
160,8,6.938893903907228e-18
160,9,-0.17515578194607145
160,10,-0.32478544802844267
160,11,-0.42730832664336627
160,12,-0.4481363951002856
160,13,-0.4091010375284674
160,14,-0.3404240862354082
160,15,-0.23134658744916645
161,0,6.938893903907228e-18
161,1,-0.17515578194607145
161,2,-0.32478544802844267
161,3,-0.42730832664336627
161,4,-0.4481363951002856
161,5,-0.4091010375284674
161,6,-0.3404240862354082
161,7,-0.23134658744916645
161,8,-0.09576485652518335
161,9,0.050297578373209154
161,10,0.1911374149272711
161,11,0.31354680790197187
161,12,0.4286021497218747
161,13,0.4555990340714814
161,14,0.4713553510758829
161,15,0.4603780508756521
162,0,-0.09576485652518335
162,1,0.050297578373209154
162,2,0.1911374149272711
162,3,0.31354680790197187
162,4,0.4286021497218747
162,5,0.4555990340714814
162,6,0.4713553510758829
162,7,0.4603780508756521
162,8,0.43061246442089646
162,9,0.3917106528058849
162,10,0.35334595618167686
162,11,0.3236302262151881
162,12,0.2876594502771811
162,13,0.3236302262151881
162,14,0.35334595618167686
162,15,0.3917106528058849
163,0,0.43061246442089646
163,1,0.3917106528058849
163,2,0.35334595618167686
163,3,0.3236302262151881
163,4,0.2876594502771811
163,5,0.3236302262151881
163,6,0.35334595618167686
163,7,0.3917106528058849
163,8,0.43061246442089646
163,9,0.4603780508756521
163,10,0.4713553510758829
163,11,0.4555990340714814
163,12,0.42860214972187466
163,13,0.31354680790197187
163,14,0.19113741492727107
163,15,0.05029757837320917
164,0,0.43061246442089646
164,1,0.4603780508756521
164,2,0.4713553510758829
164,3,0.4555990340714814
164,4,0.42860214972187466
164,5,0.31354680790197187
164,6,0.19113741492727107
164,7,0.05029757837320917
164,8,-0.09576485652518335
164,9,-0.23134658744916647
164,10,-0.3404240862354082
164,11,-0.4091010375284674
164,12,-0.40766691041152464
164,13,-0.4091010375284674
164,14,-0.3404240862354082
164,15,-0.23134658744916645
165,0,-0.09576485652518335
165,1,-0.23134658744916647
165,2,-0.3404240862354082
165,3,-0.4091010375284674
165,4,-0.40766691041152464
165,5,-0.4091010375284674
165,6,-0.3404240862354082
165,7,-0.23134658744916645
165,8,-0.09576485652518335
165,9,0.050297578373209154
165,10,0.1911374149272711
165,11,0.31354680790197187
165,12,0.38813266503311383
165,13,0.4373917449565825
165,14,0.4869939892828484
165,15,0.5165688563787472
166,0,-0.09576485652518335
166,1,0.050297578373209154
166,2,0.1911374149272711
166,3,0.31354680790197187
166,4,0.38813266503311383
166,5,0.4373917449565825
166,6,0.4869939892828484
166,7,0.5165688563787472
166,8,0.5263773209460798
166,9,0.5165688563787472
166,10,0.4869939892828484
166,11,0.4373917449565825
166,12,0.34766318034435284
166,13,0.295339518787073
166,14,0.2067760531342366
166,15,0.10648838387630419
167,0,0.5263773209460798
167,1,0.5165688563787472
167,2,0.4869939892828484
167,3,0.4373917449565825
167,4,0.34766318034435284
167,5,0.295339518787073
167,6,0.2067760531342366
167,7,0.10648838387630419
167,8,-6.938893903907228e-18
167,9,-0.10648838387630417
167,10,-0.20677605313423664
167,11,-0.295339518787073
167,12,-0.3881326650331138
167,13,-0.4555990340714814
167,14,-0.4713553510758829
167,15,-0.4603780508756521
168,0,-6.938893903907228e-18
168,1,-0.10648838387630417
168,2,-0.20677605313423664
168,3,-0.295339518787073
168,4,-0.3881326650331138
168,5,-0.4555990340714814
168,6,-0.4713553510758829
168,7,-0.4603780508756521
168,8,-0.43061246442089646
168,9,-0.3917106528058849
168,10,-0.35334595618167686
168,11,-0.3236302262151881
168,12,-0.2876594502771811
168,13,-0.3236302262151881
168,14,-0.35334595618167686
168,15,-0.3917106528058849
169,0,-0.43061246442089646
169,1,-0.3917106528058849
169,2,-0.35334595618167686
169,3,-0.3236302262151881
169,4,-0.2876594502771811
169,5,-0.3236302262151881
169,6,-0.35334595618167686
169,7,-0.3917106528058849
169,8,-0.43061246442089646
169,9,-0.4603780508756521
169,10,-0.4713553510758829
169,11,-0.4555990340714814
169,12,-0.42860214972187466
169,13,-0.31354680790197187
169,14,-0.19113741492727107
169,15,-0.05029757837320917
170,0,-0.43061246442089646
170,1,-0.4603780508756521
170,2,-0.4713553510758829
170,3,-0.4555990340714814
170,4,-0.42860214972187466
170,5,-0.31354680790197187
170,6,-0.19113741492727107
170,7,-0.05029757837320917
170,8,0.09576485652518335
170,9,0.23134658744916647
170,10,0.3404240862354082
170,11,0.4091010375284674
170,12,0.40766691041152464
170,13,0.4091010375284674
170,14,0.3404240862354082
170,15,0.23134658744916645
171,0,0.09576485652518335
171,1,0.23134658744916647
171,2,0.3404240862354082
171,3,0.4091010375284674
171,4,0.40766691041152464
171,5,0.4091010375284674
171,6,0.3404240862354082
171,7,0.23134658744916645
171,8,0.09576485652518335
171,9,-0.050297578373209154
171,10,-0.1911374149272711
171,11,-0.31354680790197187
171,12,-0.38813266503311383
171,13,-0.4373917449565825
171,14,-0.4869939892828484
171,15,-0.5165688563787472
172,0,0.09576485652518335
172,1,-0.050297578373209154
172,2,-0.1911374149272711
172,3,-0.31354680790197187
172,4,-0.38813266503311383
172,5,-0.4373917449565825
172,6,-0.4869939892828484
172,7,-0.5165688563787472
172,8,-0.5263773209460798
172,9,-0.5165688563787472
172,10,-0.4869939892828484
172,11,-0.4373917449565825
172,12,-0.3881326650331137
172,13,-0.31354680790197187
172,14,-0.19113741492727107
172,15,-0.05029757837320917
173,0,-0.5263773209460798
173,1,-0.5165688563787472
173,2,-0.4869939892828484
173,3,-0.4373917449565825
173,4,-0.3881326650331137
173,5,-0.31354680790197187
173,6,-0.19113741492727107
173,7,-0.05029757837320917
173,8,0.09576485652518335
173,9,0.23134658744916647
173,10,0.3404240862354082
173,11,0.4091010375284674
173,12,0.4481363951002855
173,13,0.42730832664336627
173,14,0.32478544802844267
173,15,0.17515578194607143
174,0,0.09576485652518335
174,1,0.23134658744916647
174,2,0.3404240862354082
174,3,0.4091010375284674
174,4,0.4481363951002855
174,5,0.42730832664336627
174,6,0.32478544802844267
174,7,0.17515578194607143
174,8,6.938893903907228e-18
174,9,-0.17515578194607145
174,10,-0.32478544802844267
174,11,-0.42730832664336627
174,12,-0.48860587978904646
174,13,-0.42730832664336627
174,14,-0.32478544802844267
174,15,-0.17515578194607143
175,0,6.938893903907228e-18
175,1,-0.17515578194607145
175,2,-0.32478544802844267
175,3,-0.42730832664336627
175,4,-0.48860587978904646
175,5,-0.42730832664336627
175,6,-0.32478544802844267
175,7,-0.17515578194607143
175,8,-6.938893903907228e-18
175,9,0.17515578194607145
175,10,0.32478544802844267
175,11,0.42730832664336627
175,12,0.48860587978904646
175,13,0.42730832664336627
175,14,0.32478544802844267
175,15,0.17515578194607143
176,0,-6.938893903907228e-18
176,1,0.17515578194607145
176,2,0.32478544802844267
176,3,0.42730832664336627
176,4,0.48860587978904646
176,5,0.42730832664336627
176,6,0.32478544802844267
176,7,0.17515578194607143
176,8,6.938893903907228e-18
176,9,-0.17515578194607145
176,10,-0.32478544802844267
176,11,-0.42730832664336627
176,12,-0.48860587978904646
176,13,-0.42730832664336627
176,14,-0.32478544802844267
176,15,-0.17515578194607143
177,0,6.938893903907228e-18
177,1,-0.17515578194607145
177,2,-0.32478544802844267
177,3,-0.42730832664336627
177,4,-0.48860587978904646
177,5,-0.42730832664336627
177,6,-0.32478544802844267
177,7,-0.17515578194607143
177,8,-6.938893903907228e-18
177,9,0.17515578194607145
177,10,0.32478544802844267
177,11,0.42730832664336627
177,12,0.4481363951002856
177,13,0.4091010375284674
177,14,0.3404240862354082
177,15,0.23134658744916645
178,0,-6.938893903907228e-18
178,1,0.17515578194607145
178,2,0.32478544802844267
178,3,0.42730832664336627
178,4,0.4481363951002856
178,5,0.4091010375284674
178,6,0.3404240862354082
178,7,0.23134658744916645
178,8,0.09576485652518335
178,9,-0.050297578373209154
178,10,-0.1911374149272711
178,11,-0.31354680790197187
178,12,-0.38813266503311383
178,13,-0.4373917449565825
178,14,-0.4869939892828484
178,15,-0.5165688563787472
179,0,0.09576485652518335
179,1,-0.050297578373209154
179,2,-0.1911374149272711
179,3,-0.31354680790197187
179,4,-0.38813266503311383
179,5,-0.4373917449565825
179,6,-0.4869939892828484
179,7,-0.5165688563787472
179,8,-0.5263773209460798
179,9,-0.5165688563787472
179,10,-0.4869939892828484
179,11,-0.4373917449565825
179,12,-0.3881326650331137
179,13,-0.31354680790197187
179,14,-0.19113741492727107
179,15,-0.05029757837320917
180,0,-0.5263773209460798
180,1,-0.5165688563787472
180,2,-0.4869939892828484
180,3,-0.4373917449565825
180,4,-0.3881326650331137
180,5,-0.31354680790197187
180,6,-0.19113741492727107
180,7,-0.05029757837320917
180,8,0.09576485652518335
180,9,0.23134658744916647
180,10,0.3404240862354082
180,11,0.4091010375284674
180,12,0.4481363951002855
180,13,0.42730832664336627
180,14,0.32478544802844267
180,15,0.17515578194607143
181,0,0.09576485652518335
181,1,0.23134658744916647
181,2,0.3404240862354082
181,3,0.4091010375284674
181,4,0.4481363951002855
181,5,0.42730832664336627
181,6,0.32478544802844267
181,7,0.17515578194607143
181,8,6.938893903907228e-18
181,9,-0.17515578194607145
181,10,-0.32478544802844267
181,11,-0.42730832664336627
181,12,-0.4481363951002856
181,13,-0.4091010375284674
181,14,-0.3404240862354082
181,15,-0.23134658744916645
182,0,6.938893903907228e-18
182,1,-0.17515578194607145
182,2,-0.32478544802844267
182,3,-0.42730832664336627
182,4,-0.4481363951002856
182,5,-0.4091010375284674
182,6,-0.3404240862354082
182,7,-0.23134658744916645
182,8,-0.09576485652518335
182,9,0.050297578373209154
182,10,0.1911374149272711
182,11,0.31354680790197187
182,12,0.38813266503311383
182,13,0.4373917449565825
182,14,0.4869939892828484
182,15,0.5165688563787472
183,0,-0.09576485652518335
183,1,0.050297578373209154
183,2,0.1911374149272711
183,3,0.31354680790197187
183,4,0.38813266503311383
183,5,0.4373917449565825
183,6,0.4869939892828484
183,7,0.5165688563787472
183,8,0.5263773209460798
183,9,0.5165688563787472
183,10,0.4869939892828484
183,11,0.4373917449565825
183,12,0.34766318034435284
183,13,0.295339518787073
183,14,0.2067760531342366
183,15,0.10648838387630419
184,0,0.5263773209460798
184,1,0.5165688563787472
184,2,0.4869939892828484
184,3,0.4373917449565825
184,4,0.34766318034435284
184,5,0.295339518787073
184,6,0.2067760531342366
184,7,0.10648838387630419
184,8,-6.938893903907228e-18
184,9,-0.10648838387630417
184,10,-0.20677605313423664
184,11,-0.295339518787073
184,12,-0.3476631803443529
184,13,-0.4373917449565825
184,14,-0.4869939892828484
184,15,-0.5165688563787472
185,0,-6.938893903907228e-18
185,1,-0.10648838387630417
185,2,-0.20677605313423664
185,3,-0.295339518787073
185,4,-0.3476631803443529
185,5,-0.4373917449565825
185,6,-0.4869939892828484
185,7,-0.5165688563787472
185,8,-0.5263773209460798
185,9,-0.5165688563787472
185,10,-0.4869939892828484
185,11,-0.4373917449565825
185,12,-0.3881326650331137
185,13,-0.31354680790197187
185,14,-0.19113741492727107
185,15,-0.05029757837320917
186,0,-0.5263773209460798
186,1,-0.5165688563787472
186,2,-0.4869939892828484
186,3,-0.4373917449565825
186,4,-0.3881326650331137
186,5,-0.31354680790197187
186,6,-0.19113741492727107
186,7,-0.05029757837320917
186,8,0.09576485652518335
186,9,0.23134658744916647
186,10,0.3404240862354082
186,11,0.4091010375284674
186,12,0.4481363951002855
186,13,0.42730832664336627
186,14,0.32478544802844267
186,15,0.17515578194607143
187,0,0.09576485652518335
187,1,0.23134658744916647
187,2,0.3404240862354082
187,3,0.4091010375284674
187,4,0.4481363951002855
187,5,0.42730832664336627
187,6,0.32478544802844267
187,7,0.17515578194607143
187,8,6.938893903907228e-18
187,9,-0.17515578194607145
187,10,-0.32478544802844267
187,11,-0.42730832664336627
187,12,-0.4481363951002856
187,13,-0.4091010375284674
187,14,-0.3404240862354082
187,15,-0.23134658744916645
188,0,6.938893903907228e-18
188,1,-0.17515578194607145
188,2,-0.32478544802844267
188,3,-0.42730832664336627
188,4,-0.4481363951002856
188,5,-0.4091010375284674
188,6,-0.3404240862354082
188,7,-0.23134658744916645
188,8,-0.09576485652518335
188,9,0.050297578373209154
188,10,0.1911374149272711
188,11,0.31354680790197187
188,12,0.38813266503311383
188,13,0.4373917449565825
188,14,0.4869939892828484
188,15,0.5165688563787472
189,0,-0.09576485652518335
189,1,0.050297578373209154
189,2,0.1911374149272711
189,3,0.31354680790197187
189,4,0.38813266503311383
189,5,0.4373917449565825
189,6,0.4869939892828484
189,7,0.5165688563787472
189,8,0.5263773209460798
189,9,0.5165688563787472
189,10,0.4869939892828484
189,11,0.4373917449565825
189,12,0.34766318034435284
189,13,0.295339518787073
189,14,0.2067760531342366
189,15,0.10648838387630419
190,0,0.5263773209460798
190,1,0.5165688563787472
190,2,0.4869939892828484
190,3,0.4373917449565825
190,4,0.34766318034435284
190,5,0.295339518787073
190,6,0.2067760531342366
190,7,0.10648838387630419
190,8,-6.938893903907228e-18
190,9,-0.10648838387630417
190,10,-0.20677605313423664
190,11,-0.295339518787073
190,12,-0.3476631803443529
190,13,-0.4373917449565825
190,14,-0.4869939892828484
190,15,-0.5165688563787472
191,0,-6.938893903907228e-18
191,1,-0.10648838387630417
191,2,-0.20677605313423664
191,3,-0.295339518787073
191,4,-0.3476631803443529
191,5,-0.4373917449565825
191,6,-0.4869939892828484
191,7,-0.5165688563787472
191,8,-0.5263773209460798
191,9,-0.5165688563787472
191,10,-0.4869939892828484
191,11,-0.4373917449565825
191,12,-0.3881326650331137
191,13,-0.31354680790197187
191,14,-0.19113741492727107
191,15,-0.05029757837320917
192,0,-0.5263773209460798
192,1,-0.5165688563787472
192,2,-0.4869939892828484
192,3,-0.4373917449565825
192,4,-0.3881326650331137
192,5,-0.31354680790197187
192,6,-0.19113741492727107
192,7,-0.05029757837320917
192,8,0.09576485652518335
192,9,0.23134658744916647
192,10,0.3404240862354082
192,11,0.4091010375284674
192,12,0.4481363951002855
192,13,0.42730832664336627
192,14,0.32478544802844267
192,15,0.17515578194607143
193,0,0.09576485652518335
193,1,0.23134658744916647
193,2,0.3404240862354082
193,3,0.4091010375284674
193,4,0.4481363951002855
193,5,0.42730832664336627
193,6,0.32478544802844267
193,7,0.17515578194607143
193,8,6.938893903907228e-18
193,9,-0.17515578194607145
193,10,-0.32478544802844267
193,11,-0.42730832664336627
193,12,-0.4481363951002856
193,13,-0.4091010375284674
193,14,-0.3404240862354082
193,15,-0.23134658744916645
194,0,6.938893903907228e-18
194,1,-0.17515578194607145
194,2,-0.32478544802844267
194,3,-0.42730832664336627
194,4,-0.4481363951002856
194,5,-0.4091010375284674
194,6,-0.3404240862354082
194,7,-0.23134658744916645
194,8,-0.09576485652518335
194,9,0.050297578373209154
194,10,0.1911374149272711
194,11,0.31354680790197187
194,12,0.38813266503311383
194,13,0.4373917449565825
194,14,0.4869939892828484
194,15,0.5165688563787472
195,0,-0.09576485652518335
195,1,0.050297578373209154
195,2,0.1911374149272711
195,3,0.31354680790197187
195,4,0.38813266503311383
195,5,0.4373917449565825
195,6,0.4869939892828484
195,7,0.5165688563787472
195,8,0.5263773209460798
195,9,0.5165688563787472
195,10,0.4869939892828484
195,11,0.4373917449565825
195,12,0.3881326650331137
195,13,0.31354680790197187
195,14,0.19113741492727107
195,15,0.05029757837320917
196,0,0.5263773209460798
196,1,0.5165688563787472
196,2,0.4869939892828484
196,3,0.4373917449565825
196,4,0.3881326650331137
196,5,0.31354680790197187
196,6,0.19113741492727107
196,7,0.05029757837320917
196,8,-0.09576485652518335
196,9,-0.23134658744916647
196,10,-0.3404240862354082
196,11,-0.4091010375284674
196,12,-0.40766691041152464
196,13,-0.4091010375284674
196,14,-0.3404240862354082
196,15,-0.23134658744916645
197,0,-0.09576485652518335
197,1,-0.23134658744916647
197,2,-0.3404240862354082
197,3,-0.4091010375284674
197,4,-0.40766691041152464
197,5,-0.4091010375284674
197,6,-0.3404240862354082
197,7,-0.23134658744916645
197,8,-0.09576485652518335
197,9,0.050297578373209154
197,10,0.1911374149272711
197,11,0.31354680790197187
197,12,0.4286021497218747
197,13,0.4555990340714814
197,14,0.4713553510758829
197,15,0.4603780508756521
198,0,-0.09576485652518335
198,1,0.050297578373209154
198,2,0.1911374149272711
198,3,0.31354680790197187
198,4,0.4286021497218747
198,5,0.4555990340714814
198,6,0.4713553510758829
198,7,0.4603780508756521
198,8,0.43061246442089646
198,9,0.3917106528058849
198,10,0.35334595618167686
198,11,0.3236302262151881
198,12,0.328128934965942
198,13,0.341837515330087
198,14,0.3377073179747113
198,15,0.33551984730278983
199,0,0.43061246442089646
199,1,0.3917106528058849
199,2,0.35334595618167686
199,3,0.3236302262151881
199,4,0.328128934965942
199,5,0.341837515330087
199,6,0.3377073179747113
199,7,0.33551984730278983
199,8,0.33484760789571316
199,9,0.33551984730278983
199,10,0.3377073179747113
199,11,0.341837515330087
199,12,0.3685984196547029
199,13,0.341837515330087
199,14,0.3377073179747113
199,15,0.33551984730278983
200,0,0.33484760789571316
200,1,0.33551984730278983
200,2,0.3377073179747113
200,3,0.341837515330087
200,4,0.3685984196547029
200,5,0.341837515330087
200,6,0.3377073179747113
200,7,0.33551984730278983
200,8,0.33484760789571316
200,9,0.33551984730278983
200,10,0.3377073179747113
200,11,0.341837515330087
200,12,0.3685984196547029
200,13,0.341837515330087
200,14,0.3377073179747113
200,15,0.33551984730278983
201,0,0.33484760789571316
201,1,0.33551984730278983
201,2,0.3377073179747113
201,3,0.341837515330087
201,4,0.3685984196547029
201,5,0.341837515330087
201,6,0.3377073179747113
201,7,0.33551984730278983
201,8,0.33484760789571316
201,9,0.33551984730278983
201,10,0.3377073179747113
201,11,0.341837515330087
201,12,0.3685984196547029
201,13,0.341837515330087
201,14,0.3377073179747113
201,15,0.33551984730278983
202,0,0.33484760789571316
202,1,0.33551984730278983
202,2,0.3377073179747113
202,3,0.341837515330087
202,4,0.3685984196547029
202,5,0.341837515330087
202,6,0.3377073179747113
202,7,0.33551984730278983
202,8,0.33484760789571316
202,9,0.33551984730278983
202,10,0.3377073179747113
202,11,0.341837515330087
202,12,0.32812893496594203
202,13,0.3236302262151881
202,14,0.35334595618167686
202,15,0.3917106528058849
203,0,0.33484760789571316
203,1,0.33551984730278983
203,2,0.3377073179747113
203,3,0.341837515330087
203,4,0.32812893496594203
203,5,0.3236302262151881
203,6,0.35334595618167686
203,7,0.3917106528058849
203,8,0.43061246442089646
203,9,0.4603780508756521
203,10,0.4713553510758829
203,11,0.4555990340714814
203,12,0.3881326650331138
203,13,0.295339518787073
203,14,0.2067760531342366
203,15,0.10648838387630419
204,0,0.43061246442089646
204,1,0.4603780508756521
204,2,0.4713553510758829
204,3,0.4555990340714814
204,4,0.3881326650331138
204,5,0.295339518787073
204,6,0.2067760531342366
204,7,0.10648838387630419
204,8,-6.938893903907228e-18
204,9,-0.10648838387630417
204,10,-0.20677605313423664
204,11,-0.295339518787073
204,12,-0.3476631803443529
204,13,-0.4373917449565825
204,14,-0.4869939892828484
204,15,-0.5165688563787472
205,0,-6.938893903907228e-18
205,1,-0.10648838387630417
205,2,-0.20677605313423664
205,3,-0.295339518787073
205,4,-0.3476631803443529
205,5,-0.4373917449565825
205,6,-0.4869939892828484
205,7,-0.5165688563787472
205,8,-0.5263773209460798
205,9,-0.5165688563787472
205,10,-0.4869939892828484
205,11,-0.4373917449565825
205,12,-0.3881326650331137
205,13,-0.31354680790197187
205,14,-0.19113741492727107
205,15,-0.05029757837320917
206,0,-0.5263773209460798
206,1,-0.5165688563787472
206,2,-0.4869939892828484
206,3,-0.4373917449565825
206,4,-0.3881326650331137
206,5,-0.31354680790197187
206,6,-0.19113741492727107
206,7,-0.05029757837320917
206,8,0.09576485652518335
206,9,0.23134658744916647
206,10,0.3404240862354082
206,11,0.4091010375284674
206,12,0.40766691041152464
206,13,0.4091010375284674
206,14,0.3404240862354082
206,15,0.23134658744916645
207,0,0.09576485652518335
207,1,0.23134658744916647
207,2,0.3404240862354082
207,3,0.4091010375284674
207,4,0.40766691041152464
207,5,0.4091010375284674
207,6,0.3404240862354082
207,7,0.23134658744916645
207,8,0.09576485652518335
207,9,-0.050297578373209154
207,10,-0.1911374149272711
207,11,-0.31354680790197187
207,12,-0.38813266503311383
207,13,-0.4373917449565825
207,14,-0.4869939892828484
207,15,-0.5165688563787472
208,0,0.09576485652518335
208,1,-0.050297578373209154
208,2,-0.1911374149272711
208,3,-0.31354680790197187
208,4,-0.38813266503311383
208,5,-0.4373917449565825
208,6,-0.4869939892828484
208,7,-0.5165688563787472
208,8,-0.5263773209460798
208,9,-0.5165688563787472
208,10,-0.4869939892828484
208,11,-0.4373917449565825
208,12,-0.34766318034435284
208,13,-0.295339518787073
208,14,-0.2067760531342366
208,15,-0.10648838387630419
209,0,-0.5263773209460798
209,1,-0.5165688563787472
209,2,-0.4869939892828484
209,3,-0.4373917449565825
209,4,-0.34766318034435284
209,5,-0.295339518787073
209,6,-0.2067760531342366
209,7,-0.10648838387630419
209,8,6.938893903907228e-18
209,9,0.10648838387630417
209,10,0.20677605313423664
209,11,0.295339518787073
209,12,0.3881326650331138
209,13,0.4555990340714814
209,14,0.4713553510758829
209,15,0.4603780508756521
210,0,6.938893903907228e-18
210,1,0.10648838387630417
210,2,0.20677605313423664
210,3,0.295339518787073
210,4,0.3881326650331138
210,5,0.4555990340714814
210,6,0.4713553510758829
210,7,0.4603780508756521
210,8,0.43061246442089646
210,9,0.3917106528058849
210,10,0.35334595618167686
210,11,0.3236302262151881
210,12,0.328128934965942
210,13,0.341837515330087
210,14,0.3377073179747113
210,15,0.33551984730278983
211,0,0.43061246442089646
211,1,0.3917106528058849
211,2,0.35334595618167686
211,3,0.3236302262151881
211,4,0.328128934965942
211,5,0.341837515330087
211,6,0.3377073179747113
211,7,0.33551984730278983
211,8,0.33484760789571316
211,9,0.33551984730278983
211,10,0.3377073179747113
211,11,0.341837515330087
211,12,0.3685984196547029
211,13,0.341837515330087
211,14,0.3377073179747113
211,15,0.33551984730278983
212,0,0.33484760789571316
212,1,0.33551984730278983
212,2,0.3377073179747113
212,3,0.341837515330087
212,4,0.3685984196547029
212,5,0.341837515330087
212,6,0.3377073179747113
212,7,0.33551984730278983
212,8,0.33484760789571316
212,9,0.33551984730278983
212,10,0.3377073179747113
212,11,0.341837515330087
212,12,0.32812893496594203
212,13,0.3236302262151881
212,14,0.35334595618167686
212,15,0.3917106528058849
213,0,0.33484760789571316
213,1,0.33551984730278983
213,2,0.3377073179747113
213,3,0.341837515330087
213,4,0.32812893496594203
213,5,0.3236302262151881
213,6,0.35334595618167686
213,7,0.3917106528058849
213,8,0.43061246442089646
213,9,0.4603780508756521
213,10,0.4713553510758829
213,11,0.4555990340714814
213,12,0.42860214972187466
213,13,0.31354680790197187
213,14,0.19113741492727107
213,15,0.05029757837320917
214,0,0.43061246442089646
214,1,0.4603780508756521
214,2,0.4713553510758829
214,3,0.4555990340714814
214,4,0.42860214972187466
214,5,0.31354680790197187
214,6,0.19113741492727107
214,7,0.05029757837320917
214,8,-0.09576485652518335
214,9,-0.23134658744916647
214,10,-0.3404240862354082
214,11,-0.4091010375284674
214,12,-0.4481363951002855
214,13,-0.42730832664336627
214,14,-0.32478544802844267
214,15,-0.17515578194607143
215,0,-0.09576485652518335
215,1,-0.23134658744916647
215,2,-0.3404240862354082
215,3,-0.4091010375284674
215,4,-0.4481363951002855
215,5,-0.42730832664336627
215,6,-0.32478544802844267
215,7,-0.17515578194607143
215,8,-6.938893903907228e-18
215,9,0.17515578194607145
215,10,0.32478544802844267
215,11,0.42730832664336627
215,12,0.48860587978904646
215,13,0.42730832664336627
215,14,0.32478544802844267
215,15,0.17515578194607143
216,0,-6.938893903907228e-18
216,1,0.17515578194607145
216,2,0.32478544802844267
216,3,0.42730832664336627
216,4,0.48860587978904646
216,5,0.42730832664336627
216,6,0.32478544802844267
216,7,0.17515578194607143
216,8,6.938893903907228e-18
216,9,-0.17515578194607145
216,10,-0.32478544802844267
216,11,-0.42730832664336627
216,12,-0.4481363951002856
216,13,-0.4091010375284674
216,14,-0.3404240862354082
216,15,-0.23134658744916645
217,0,6.938893903907228e-18
217,1,-0.17515578194607145
217,2,-0.32478544802844267
217,3,-0.42730832664336627
217,4,-0.4481363951002856
217,5,-0.4091010375284674
217,6,-0.3404240862354082
217,7,-0.23134658744916645
217,8,-0.09576485652518335
217,9,0.050297578373209154
217,10,0.1911374149272711
217,11,0.31354680790197187
217,12,0.4286021497218747
217,13,0.4555990340714814
217,14,0.4713553510758829
217,15,0.4603780508756521
218,0,-0.09576485652518335
218,1,0.050297578373209154
218,2,0.1911374149272711
218,3,0.31354680790197187
218,4,0.4286021497218747
218,5,0.4555990340714814
218,6,0.4713553510758829
218,7,0.4603780508756521
218,8,0.43061246442089646
218,9,0.3917106528058849
218,10,0.35334595618167686
218,11,0.3236302262151881
218,12,0.2876594502771811
218,13,0.3236302262151881
218,14,0.35334595618167686
218,15,0.3917106528058849
219,0,0.43061246442089646
219,1,0.3917106528058849
219,2,0.35334595618167686
219,3,0.3236302262151881
219,4,0.2876594502771811
219,5,0.3236302262151881
219,6,0.35334595618167686
219,7,0.3917106528058849
219,8,0.43061246442089646
219,9,0.4603780508756521
219,10,0.4713553510758829
219,11,0.4555990340714814
219,12,0.42860214972187466
219,13,0.31354680790197187
219,14,0.19113741492727107
219,15,0.05029757837320917
220,0,0.43061246442089646
220,1,0.4603780508756521
220,2,0.4713553510758829
220,3,0.4555990340714814
220,4,0.42860214972187466
220,5,0.31354680790197187
220,6,0.19113741492727107
220,7,0.05029757837320917
220,8,-0.09576485652518335
220,9,-0.23134658744916647
220,10,-0.3404240862354082
220,11,-0.4091010375284674
220,12,-0.40766691041152464
220,13,-0.4091010375284674
220,14,-0.3404240862354082
220,15,-0.23134658744916645
221,0,-0.09576485652518335
221,1,-0.23134658744916647
221,2,-0.3404240862354082
221,3,-0.4091010375284674
221,4,-0.40766691041152464
221,5,-0.4091010375284674
221,6,-0.3404240862354082
221,7,-0.23134658744916645
221,8,-0.09576485652518335
221,9,0.050297578373209154
221,10,0.1911374149272711
221,11,0.31354680790197187
221,12,0.38813266503311383
221,13,0.4373917449565825
221,14,0.4869939892828484
221,15,0.5165688563787472
222,0,-0.09576485652518335
222,1,0.050297578373209154
222,2,0.1911374149272711
222,3,0.31354680790197187
222,4,0.38813266503311383
222,5,0.4373917449565825
222,6,0.4869939892828484
222,7,0.5165688563787472
222,8,0.5263773209460798
222,9,0.5165688563787472
222,10,0.4869939892828484
222,11,0.4373917449565825
222,12,0.3881326650331137
222,13,0.31354680790197187
222,14,0.19113741492727107
222,15,0.05029757837320917
223,0,0.5263773209460798
223,1,0.5165688563787472
223,2,0.4869939892828484
223,3,0.4373917449565825
223,4,0.3881326650331137
223,5,0.31354680790197187
223,6,0.19113741492727107
223,7,0.05029757837320917
223,8,-0.09576485652518335
223,9,-0.23134658744916647
223,10,-0.3404240862354082
223,11,-0.4091010375284674
223,12,-0.40766691041152464
223,13,-0.4091010375284674
223,14,-0.3404240862354082
223,15,-0.23134658744916645
224,0,-0.09576485652518335
224,1,-0.23134658744916647
224,2,-0.3404240862354082
224,3,-0.4091010375284674
224,4,-0.40766691041152464
224,5,-0.4091010375284674
224,6,-0.3404240862354082
224,7,-0.23134658744916645
224,8,-0.09576485652518335
224,9,0.050297578373209154
224,10,0.1911374149272711
224,11,0.31354680790197187
224,12,0.4286021497218747
224,13,0.4555990340714814
224,14,0.4713553510758829
224,15,0.4603780508756521
225,0,-0.09576485652518335
225,1,0.050297578373209154
225,2,0.1911374149272711
225,3,0.31354680790197187
225,4,0.4286021497218747
225,5,0.4555990340714814
225,6,0.4713553510758829
225,7,0.4603780508756521
225,8,0.43061246442089646
225,9,0.3917106528058849
225,10,0.35334595618167686
225,11,0.3236302262151881
225,12,0.2876594502771811
225,13,0.3236302262151881
225,14,0.35334595618167686
225,15,0.3917106528058849
226,0,0.43061246442089646
226,1,0.3917106528058849
226,2,0.35334595618167686
226,3,0.3236302262151881
226,4,0.2876594502771811
226,5,0.3236302262151881
226,6,0.35334595618167686
226,7,0.3917106528058849
226,8,0.43061246442089646
226,9,0.4603780508756521
226,10,0.4713553510758829
226,11,0.4555990340714814
226,12,0.42860214972187466
226,13,0.31354680790197187
226,14,0.19113741492727107
226,15,0.05029757837320917
227,0,0.43061246442089646
227,1,0.4603780508756521
227,2,0.4713553510758829
227,3,0.4555990340714814
227,4,0.42860214972187466
227,5,0.31354680790197187
227,6,0.19113741492727107
227,7,0.05029757837320917
227,8,-0.09576485652518335
227,9,-0.23134658744916647
227,10,-0.3404240862354082
227,11,-0.4091010375284674
227,12,-0.4481363951002855
227,13,-0.42730832664336627
227,14,-0.32478544802844267
227,15,-0.17515578194607143
228,0,-0.09576485652518335
228,1,-0.23134658744916647
228,2,-0.3404240862354082
228,3,-0.4091010375284674
228,4,-0.4481363951002855
228,5,-0.42730832664336627
228,6,-0.32478544802844267
228,7,-0.17515578194607143
228,8,-6.938893903907228e-18
228,9,0.17515578194607145
228,10,0.32478544802844267
228,11,0.42730832664336627
228,12,0.4481363951002856
228,13,0.4091010375284674
228,14,0.3404240862354082
228,15,0.23134658744916645
229,0,-6.938893903907228e-18
229,1,0.17515578194607145
229,2,0.32478544802844267
229,3,0.42730832664336627
229,4,0.4481363951002856
229,5,0.4091010375284674
229,6,0.3404240862354082
229,7,0.23134658744916645
229,8,0.09576485652518335
229,9,-0.050297578373209154
229,10,-0.1911374149272711
229,11,-0.31354680790197187
229,12,-0.4286021497218747
229,13,-0.4555990340714814
229,14,-0.4713553510758829
229,15,-0.4603780508756521
230,0,0.09576485652518335
230,1,-0.050297578373209154
230,2,-0.1911374149272711
230,3,-0.31354680790197187
230,4,-0.4286021497218747
230,5,-0.4555990340714814
230,6,-0.4713553510758829
230,7,-0.4603780508756521
230,8,-0.43061246442089646
230,9,-0.3917106528058849
230,10,-0.35334595618167686
230,11,-0.3236302262151881
230,12,-0.328128934965942
230,13,-0.341837515330087
230,14,-0.3377073179747113
230,15,-0.33551984730278983
231,0,-0.43061246442089646
231,1,-0.3917106528058849
231,2,-0.35334595618167686
231,3,-0.3236302262151881
231,4,-0.328128934965942
231,5,-0.341837515330087
231,6,-0.3377073179747113
231,7,-0.33551984730278983
231,8,-0.33484760789571316
231,9,-0.33551984730278983
231,10,-0.3377073179747113
231,11,-0.341837515330087
231,12,-0.32812893496594203
231,13,-0.3236302262151881
231,14,-0.35334595618167686
231,15,-0.3917106528058849
232,0,-0.33484760789571316
232,1,-0.33551984730278983
232,2,-0.3377073179747113
232,3,-0.341837515330087
232,4,-0.32812893496594203
232,5,-0.3236302262151881
232,6,-0.35334595618167686
232,7,-0.3917106528058849
232,8,-0.43061246442089646
232,9,-0.4603780508756521
232,10,-0.4713553510758829
232,11,-0.4555990340714814
232,12,-0.42860214972187466
232,13,-0.31354680790197187
232,14,-0.19113741492727107
232,15,-0.05029757837320917
233,0,-0.43061246442089646
233,1,-0.4603780508756521
233,2,-0.4713553510758829
233,3,-0.4555990340714814
233,4,-0.42860214972187466
233,5,-0.31354680790197187
233,6,-0.19113741492727107
233,7,-0.05029757837320917
233,8,0.09576485652518335
233,9,0.23134658744916647
233,10,0.3404240862354082
233,11,0.4091010375284674
233,12,0.40766691041152464
233,13,0.4091010375284674
233,14,0.3404240862354082
233,15,0.23134658744916645
234,0,0.09576485652518335
234,1,0.23134658744916647
234,2,0.3404240862354082
234,3,0.4091010375284674
234,4,0.40766691041152464
234,5,0.4091010375284674
234,6,0.3404240862354082
234,7,0.23134658744916645
234,8,0.09576485652518335
234,9,-0.050297578373209154
234,10,-0.1911374149272711
234,11,-0.31354680790197187
234,12,-0.4286021497218747
234,13,-0.4555990340714814
234,14,-0.4713553510758829
234,15,-0.4603780508756521
235,0,0.09576485652518335
235,1,-0.050297578373209154
235,2,-0.1911374149272711
235,3,-0.31354680790197187
235,4,-0.4286021497218747
235,5,-0.4555990340714814
235,6,-0.4713553510758829
235,7,-0.4603780508756521
235,8,-0.43061246442089646
235,9,-0.3917106528058849
235,10,-0.35334595618167686
235,11,-0.3236302262151881
235,12,-0.328128934965942
235,13,-0.341837515330087
235,14,-0.3377073179747113
235,15,-0.33551984730278983
236,0,-0.43061246442089646
236,1,-0.3917106528058849
236,2,-0.35334595618167686
236,3,-0.3236302262151881
236,4,-0.328128934965942
236,5,-0.341837515330087
236,6,-0.3377073179747113
236,7,-0.33551984730278983
236,8,-0.33484760789571316
236,9,-0.33551984730278983
236,10,-0.3377073179747113
236,11,-0.341837515330087
236,12,-0.3685984196547029
236,13,-0.341837515330087
236,14,-0.3377073179747113
236,15,-0.33551984730278983
237,0,-0.33484760789571316
237,1,-0.33551984730278983
237,2,-0.3377073179747113
237,3,-0.341837515330087
237,4,-0.3685984196547029
237,5,-0.341837515330087
237,6,-0.3377073179747113
237,7,-0.33551984730278983
237,8,-0.33484760789571316
237,9,-0.33551984730278983
237,10,-0.3377073179747113
237,11,-0.341837515330087
237,12,-0.3685984196547029
237,13,-0.341837515330087
237,14,-0.3377073179747113
237,15,-0.33551984730278983
238,0,-0.33484760789571316
238,1,-0.33551984730278983
238,2,-0.3377073179747113
238,3,-0.341837515330087
238,4,-0.3685984196547029
238,5,-0.341837515330087
238,6,-0.3377073179747113
238,7,-0.33551984730278983
238,8,-0.33484760789571316
238,9,-0.33551984730278983
238,10,-0.3377073179747113
238,11,-0.341837515330087
238,12,-0.32812893496594203
238,13,-0.3236302262151881
238,14,-0.35334595618167686
238,15,-0.3917106528058849
239,0,-0.33484760789571316
239,1,-0.33551984730278983
239,2,-0.3377073179747113
239,3,-0.341837515330087
239,4,-0.32812893496594203
239,5,-0.3236302262151881
239,6,-0.35334595618167686
239,7,-0.3917106528058849
239,8,-0.43061246442089646
239,9,-0.4603780508756521
239,10,-0.4713553510758829
239,11,-0.4555990340714814
239,12,-0.3881326650331138
239,13,-0.295339518787073
239,14,-0.2067760531342366
239,15,-0.10648838387630419
240,0,-0.43061246442089646
240,1,-0.4603780508756521
240,2,-0.4713553510758829
240,3,-0.4555990340714814
240,4,-0.3881326650331138
240,5,-0.295339518787073
240,6,-0.2067760531342366
240,7,-0.10648838387630419
240,8,6.938893903907228e-18
240,9,0.10648838387630417
240,10,0.20677605313423664
240,11,0.295339518787073
240,12,0.3881326650331138
240,13,0.4555990340714814
240,14,0.4713553510758829
240,15,0.4603780508756521
241,0,6.938893903907228e-18
241,1,0.10648838387630417
241,2,0.20677605313423664
241,3,0.295339518787073
241,4,0.3881326650331138
241,5,0.4555990340714814
241,6,0.4713553510758829
241,7,0.4603780508756521
241,8,0.43061246442089646
241,9,0.3917106528058849
241,10,0.35334595618167686
241,11,0.3236302262151881
241,12,0.328128934965942
241,13,0.341837515330087
241,14,0.3377073179747113
241,15,0.33551984730278983
242,0,0.43061246442089646
242,1,0.3917106528058849
242,2,0.35334595618167686
242,3,0.3236302262151881
242,4,0.328128934965942
242,5,0.341837515330087
242,6,0.3377073179747113
242,7,0.33551984730278983
242,8,0.33484760789571316
242,9,0.33551984730278983
242,10,0.3377073179747113
242,11,0.341837515330087
242,12,0.32812893496594203
242,13,0.3236302262151881
242,14,0.35334595618167686
242,15,0.3917106528058849
243,0,0.33484760789571316
243,1,0.33551984730278983
243,2,0.3377073179747113
243,3,0.341837515330087
243,4,0.32812893496594203
243,5,0.3236302262151881
243,6,0.35334595618167686
243,7,0.3917106528058849
243,8,0.43061246442089646
243,9,0.4603780508756521
243,10,0.4713553510758829
243,11,0.4555990340714814
243,12,0.3881326650331138
243,13,0.295339518787073
243,14,0.2067760531342366
243,15,0.10648838387630419
244,0,0.43061246442089646
244,1,0.4603780508756521
244,2,0.4713553510758829
244,3,0.4555990340714814
244,4,0.3881326650331138
244,5,0.295339518787073
244,6,0.2067760531342366
244,7,0.10648838387630419
244,8,-6.938893903907228e-18
244,9,-0.10648838387630417
244,10,-0.20677605313423664
244,11,-0.295339518787073
244,12,-0.3881326650331138
244,13,-0.4555990340714814
244,14,-0.4713553510758829
244,15,-0.4603780508756521
245,0,-6.938893903907228e-18
245,1,-0.10648838387630417
245,2,-0.20677605313423664
245,3,-0.295339518787073
245,4,-0.3881326650331138
245,5,-0.4555990340714814
245,6,-0.4713553510758829
245,7,-0.4603780508756521
245,8,-0.43061246442089646
245,9,-0.3917106528058849
245,10,-0.35334595618167686
245,11,-0.3236302262151881
245,12,-0.328128934965942
245,13,-0.341837515330087
245,14,-0.3377073179747113
245,15,-0.33551984730278983
246,0,-0.43061246442089646
246,1,-0.3917106528058849
246,2,-0.35334595618167686
246,3,-0.3236302262151881
246,4,-0.328128934965942
246,5,-0.341837515330087
246,6,-0.3377073179747113
246,7,-0.33551984730278983
246,8,-0.33484760789571316
246,9,-0.33551984730278983
246,10,-0.3377073179747113
246,11,-0.341837515330087
246,12,-0.32812893496594203
246,13,-0.3236302262151881
246,14,-0.35334595618167686
246,15,-0.3917106528058849
247,0,-0.33484760789571316
247,1,-0.33551984730278983
247,2,-0.3377073179747113
247,3,-0.341837515330087
247,4,-0.32812893496594203
247,5,-0.3236302262151881
247,6,-0.35334595618167686
247,7,-0.3917106528058849
247,8,-0.43061246442089646
247,9,-0.4603780508756521
247,10,-0.4713553510758829
247,11,-0.4555990340714814
247,12,-0.42860214972187466
247,13,-0.31354680790197187
247,14,-0.19113741492727107
247,15,-0.05029757837320917
248,0,-0.43061246442089646
248,1,-0.4603780508756521
248,2,-0.4713553510758829
248,3,-0.4555990340714814
248,4,-0.42860214972187466
248,5,-0.31354680790197187
248,6,-0.19113741492727107
248,7,-0.05029757837320917
248,8,0.09576485652518335
248,9,0.23134658744916647
248,10,0.3404240862354082
248,11,0.4091010375284674
248,12,0.40766691041152464
248,13,0.4091010375284674
248,14,0.3404240862354082
248,15,0.23134658744916645
249,0,0.09576485652518335
249,1,0.23134658744916647
249,2,0.3404240862354082
249,3,0.4091010375284674
249,4,0.40766691041152464
249,5,0.4091010375284674
249,6,0.3404240862354082
249,7,0.23134658744916645
249,8,0.09576485652518335
249,9,-0.050297578373209154
249,10,-0.1911374149272711
249,11,-0.31354680790197187
249,12,-0.4286021497218747
249,13,-0.4555990340714814
249,14,-0.4713553510758829
249,15,-0.4603780508756521
250,0,0.09576485652518335
250,1,-0.050297578373209154
250,2,-0.1911374149272711
250,3,-0.31354680790197187
250,4,-0.4286021497218747
250,5,-0.4555990340714814
250,6,-0.4713553510758829
250,7,-0.4603780508756521
250,8,-0.43061246442089646
250,9,-0.3917106528058849
250,10,-0.35334595618167686
250,11,-0.3236302262151881
250,12,-0.2876594502771811
250,13,-0.3236302262151881
250,14,-0.35334595618167686
250,15,-0.3917106528058849
251,0,-0.43061246442089646
251,1,-0.3917106528058849
251,2,-0.35334595618167686
251,3,-0.3236302262151881
251,4,-0.2876594502771811
251,5,-0.3236302262151881
251,6,-0.35334595618167686
251,7,-0.3917106528058849
251,8,-0.43061246442089646
251,9,-0.4603780508756521
251,10,-0.4713553510758829
251,11,-0.4555990340714814
251,12,-0.42860214972187466
251,13,-0.31354680790197187
251,14,-0.19113741492727107
251,15,-0.05029757837320917
252,0,-0.43061246442089646
252,1,-0.4603780508756521
252,2,-0.4713553510758829
252,3,-0.4555990340714814
252,4,-0.42860214972187466
252,5,-0.31354680790197187
252,6,-0.19113741492727107
252,7,-0.05029757837320917
252,8,0.09576485652518335
252,9,0.23134658744916647
252,10,0.3404240862354082
252,11,0.4091010375284674
252,12,0.4481363951002855
252,13,0.42730832664336627
252,14,0.32478544802844267
252,15,0.17515578194607143
253,0,0.09576485652518335
253,1,0.23134658744916647
253,2,0.3404240862354082
253,3,0.4091010375284674
253,4,0.4481363951002855
253,5,0.42730832664336627
253,6,0.32478544802844267
253,7,0.17515578194607143
253,8,6.938893903907228e-18
253,9,-0.17515578194607145
253,10,-0.32478544802844267
253,11,-0.42730832664336627
253,12,-0.4481363951002856
253,13,-0.4091010375284674
253,14,-0.3404240862354082
253,15,-0.23134658744916645
254,0,6.938893903907228e-18
254,1,-0.17515578194607145
254,2,-0.32478544802844267
254,3,-0.42730832664336627
254,4,-0.4481363951002856
254,5,-0.4091010375284674
254,6,-0.3404240862354082
254,7,-0.23134658744916645
254,8,-0.09576485652518335
254,9,0.050297578373209154
254,10,0.1911374149272711
254,11,0.31354680790197187
254,12,0.4286021497218747
254,13,0.4555990340714814
254,14,0.4713553510758829
254,15,0.4603780508756521
255,0,-0.09576485652518335
255,1,0.050297578373209154
255,2,0.1911374149272711
255,3,0.31354680790197187
255,4,0.4286021497218747
255,5,0.4555990340714814
255,6,0.4713553510758829
255,7,0.4603780508756521
255,8,0.43061246442089646
255,9,0.3917106528058849
255,10,0.35334595618167686
255,11,0.3236302262151881
255,12,0.328128934965942
255,13,0.341837515330087
255,14,0.3377073179747113
255,15,0.33551984730278983
256,0,0.43061246442089646
256,1,0.3917106528058849
256,2,0.35334595618167686
256,3,0.3236302262151881
256,4,0.328128934965942
256,5,0.341837515330087
256,6,0.3377073179747113
256,7,0.33551984730278983
256,8,0.33484760789571316
256,9,0.33551984730278983
256,10,0.3377073179747113
256,11,0.341837515330087
256,12,0.3685984196547029
256,13,0.341837515330087
256,14,0.3377073179747113
256,15,0.33551984730278983
257,0,0.33484760789571316
257,1,0.33551984730278983
257,2,0.3377073179747113
257,3,0.341837515330087
257,4,0.3685984196547029
257,5,0.341837515330087
257,6,0.3377073179747113
257,7,0.33551984730278983
257,8,0.33484760789571316
257,9,0.33551984730278983
257,10,0.3377073179747113
257,11,0.341837515330087
257,12,0.3685984196547029
257,13,0.341837515330087
257,14,0.3377073179747113
257,15,0.33551984730278983
258,0,0.33484760789571316
258,1,0.33551984730278983
258,2,0.3377073179747113
258,3,0.341837515330087
258,4,0.3685984196547029
258,5,0.341837515330087
258,6,0.3377073179747113
258,7,0.33551984730278983
258,8,0.33484760789571316
258,9,0.33551984730278983
258,10,0.3377073179747113
258,11,0.341837515330087
258,12,0.3685984196547029
258,13,0.341837515330087
258,14,0.3377073179747113
258,15,0.33551984730278983
259,0,0.33484760789571316
259,1,0.33551984730278983
259,2,0.3377073179747113
259,3,0.341837515330087
259,4,0.3685984196547029
259,5,0.341837515330087
259,6,0.3377073179747113
259,7,0.33551984730278983
259,8,0.33484760789571316
259,9,0.33551984730278983
259,10,0.3377073179747113
259,11,0.341837515330087
259,12,0.3685984196547029
259,13,0.341837515330087
259,14,0.3377073179747113
259,15,0.33551984730278983
260,0,0.33484760789571316
260,1,0.33551984730278983
260,2,0.3377073179747113
260,3,0.341837515330087
260,4,0.3685984196547029
260,5,0.341837515330087
260,6,0.3377073179747113
260,7,0.33551984730278983
260,8,0.33484760789571316
260,9,0.33551984730278983
260,10,0.3377073179747113
260,11,0.341837515330087
260,12,0.3685984196547029
260,13,0.341837515330087
260,14,0.3377073179747113
260,15,0.33551984730278983
261,0,0.33484760789571316
261,1,0.33551984730278983
261,2,0.3377073179747113
261,3,0.341837515330087
261,4,0.3685984196547029
261,5,0.341837515330087
261,6,0.3377073179747113
261,7,0.33551984730278983
261,8,0.33484760789571316
261,9,0.33551984730278983
261,10,0.3377073179747113
261,11,0.341837515330087
261,12,0.3685984196547029
261,13,0.341837515330087
261,14,0.3377073179747113
261,15,0.33551984730278983
262,0,0.33484760789571316
262,1,0.33551984730278983
262,2,0.3377073179747113
262,3,0.341837515330087
262,4,0.3685984196547029
262,5,0.341837515330087
262,6,0.3377073179747113
262,7,0.33551984730278983
262,8,0.33484760789571316
262,9,0.33551984730278983
262,10,0.3377073179747113
262,11,0.341837515330087
262,12,0.32812893496594203
262,13,0.3236302262151881
262,14,0.35334595618167686
262,15,0.3917106528058849
263,0,0.33484760789571316
263,1,0.33551984730278983
263,2,0.3377073179747113
263,3,0.341837515330087
263,4,0.32812893496594203
263,5,0.3236302262151881
263,6,0.35334595618167686
263,7,0.3917106528058849
263,8,0.43061246442089646
263,9,0.4603780508756521
263,10,0.4713553510758829
263,11,0.4555990340714814
263,12,0.42860214972187466
263,13,0.31354680790197187
263,14,0.19113741492727107
263,15,0.05029757837320917
264,0,0.43061246442089646
264,1,0.4603780508756521
264,2,0.4713553510758829
264,3,0.4555990340714814
264,4,0.42860214972187466
264,5,0.31354680790197187
264,6,0.19113741492727107
264,7,0.05029757837320917
264,8,-0.09576485652518335
264,9,-0.23134658744916647
264,10,-0.3404240862354082
264,11,-0.4091010375284674
264,12,-0.40766691041152464
264,13,-0.4091010375284674
264,14,-0.3404240862354082
264,15,-0.23134658744916645
265,0,-0.09576485652518335
265,1,-0.23134658744916647
265,2,-0.3404240862354082
265,3,-0.4091010375284674
265,4,-0.40766691041152464
265,5,-0.4091010375284674
265,6,-0.3404240862354082
265,7,-0.23134658744916645
265,8,-0.09576485652518335
265,9,0.050297578373209154
265,10,0.1911374149272711
265,11,0.31354680790197187
265,12,0.38813266503311383
265,13,0.4373917449565825
265,14,0.4869939892828484
265,15,0.5165688563787472
266,0,-0.09576485652518335
266,1,0.050297578373209154
266,2,0.1911374149272711
266,3,0.31354680790197187
266,4,0.38813266503311383
266,5,0.4373917449565825
266,6,0.4869939892828484
266,7,0.5165688563787472
266,8,0.5263773209460798
266,9,0.5165688563787472
266,10,0.4869939892828484
266,11,0.4373917449565825
266,12,0.34766318034435284
266,13,0.295339518787073
266,14,0.2067760531342366
266,15,0.10648838387630419
267,0,0.5263773209460798
267,1,0.5165688563787472
267,2,0.4869939892828484
267,3,0.4373917449565825
267,4,0.34766318034435284
267,5,0.295339518787073
267,6,0.2067760531342366
267,7,0.10648838387630419
267,8,-6.938893903907228e-18
267,9,-0.10648838387630417
267,10,-0.20677605313423664
267,11,-0.295339518787073
267,12,-0.3476631803443529
267,13,-0.4373917449565825
267,14,-0.4869939892828484
267,15,-0.5165688563787472
268,0,-6.938893903907228e-18
268,1,-0.10648838387630417
268,2,-0.20677605313423664
268,3,-0.295339518787073
268,4,-0.3476631803443529
268,5,-0.4373917449565825
268,6,-0.4869939892828484
268,7,-0.5165688563787472
268,8,-0.5263773209460798
268,9,-0.5165688563787472
268,10,-0.4869939892828484
268,11,-0.4373917449565825
268,12,-0.34766318034435284
268,13,-0.295339518787073
268,14,-0.2067760531342366
268,15,-0.10648838387630419
269,0,-0.5263773209460798
269,1,-0.5165688563787472
269,2,-0.4869939892828484
269,3,-0.4373917449565825
269,4,-0.34766318034435284
269,5,-0.295339518787073
269,6,-0.2067760531342366
269,7,-0.10648838387630419
269,8,6.938893903907228e-18
269,9,0.10648838387630417
269,10,0.20677605313423664
269,11,0.295339518787073
269,12,0.3476631803443529
269,13,0.4373917449565825
269,14,0.4869939892828484
269,15,0.5165688563787472
270,0,6.938893903907228e-18
270,1,0.10648838387630417
270,2,0.20677605313423664
270,3,0.295339518787073
270,4,0.3476631803443529
270,5,0.4373917449565825
270,6,0.4869939892828484
270,7,0.5165688563787472
270,8,0.5263773209460798
270,9,0.5165688563787472
270,10,0.4869939892828484
270,11,0.4373917449565825
270,12,0.34766318034435284
270,13,0.295339518787073
270,14,0.2067760531342366
270,15,0.10648838387630419
271,0,0.5263773209460798
271,1,0.5165688563787472
271,2,0.4869939892828484
271,3,0.4373917449565825
271,4,0.34766318034435284
271,5,0.295339518787073
271,6,0.2067760531342366
271,7,0.10648838387630419
271,8,-6.938893903907228e-18
271,9,-0.10648838387630417
271,10,-0.20677605313423664
271,11,-0.295339518787073
271,12,-0.3881326650331138
271,13,-0.4555990340714814
271,14,-0.4713553510758829
271,15,-0.4603780508756521
272,0,-6.938893903907228e-18
272,1,-0.10648838387630417
272,2,-0.20677605313423664
272,3,-0.295339518787073
272,4,-0.3881326650331138
272,5,-0.4555990340714814
272,6,-0.4713553510758829
272,7,-0.4603780508756521
272,8,-0.43061246442089646
272,9,-0.3917106528058849
272,10,-0.35334595618167686
272,11,-0.3236302262151881
272,12,-0.328128934965942
272,13,-0.341837515330087
272,14,-0.3377073179747113
272,15,-0.33551984730278983
273,0,-0.43061246442089646
273,1,-0.3917106528058849
273,2,-0.35334595618167686
273,3,-0.3236302262151881
273,4,-0.328128934965942
273,5,-0.341837515330087
273,6,-0.3377073179747113
273,7,-0.33551984730278983
273,8,-0.33484760789571316
273,9,-0.33551984730278983
273,10,-0.3377073179747113
273,11,-0.341837515330087
273,12,-0.3685984196547029
273,13,-0.341837515330087
273,14,-0.3377073179747113
273,15,-0.33551984730278983
274,0,-0.33484760789571316
274,1,-0.33551984730278983
274,2,-0.3377073179747113
274,3,-0.341837515330087
274,4,-0.3685984196547029
274,5,-0.341837515330087
274,6,-0.3377073179747113
274,7,-0.33551984730278983
274,8,-0.33484760789571316
274,9,-0.33551984730278983
274,10,-0.3377073179747113
274,11,-0.341837515330087
274,12,-0.32812893496594203
274,13,-0.3236302262151881
274,14,-0.35334595618167686
274,15,-0.3917106528058849
275,0,-0.33484760789571316
275,1,-0.33551984730278983
275,2,-0.3377073179747113
275,3,-0.341837515330087
275,4,-0.32812893496594203
275,5,-0.3236302262151881
275,6,-0.35334595618167686
275,7,-0.3917106528058849
275,8,-0.43061246442089646
275,9,-0.4603780508756521
275,10,-0.4713553510758829
275,11,-0.4555990340714814
275,12,-0.3881326650331138
275,13,-0.295339518787073
275,14,-0.2067760531342366
275,15,-0.10648838387630419
276,0,-0.43061246442089646
276,1,-0.4603780508756521
276,2,-0.4713553510758829
276,3,-0.4555990340714814
276,4,-0.3881326650331138
276,5,-0.295339518787073
276,6,-0.2067760531342366
276,7,-0.10648838387630419
276,8,6.938893903907228e-18
276,9,0.10648838387630417
276,10,0.20677605313423664
276,11,0.295339518787073
276,12,0.3881326650331138
276,13,0.4555990340714814
276,14,0.4713553510758829
276,15,0.4603780508756521
277,0,6.938893903907228e-18
277,1,0.10648838387630417
277,2,0.20677605313423664
277,3,0.295339518787073
277,4,0.3881326650331138
277,5,0.4555990340714814
277,6,0.4713553510758829
277,7,0.4603780508756521
277,8,0.43061246442089646
277,9,0.3917106528058849
277,10,0.35334595618167686
277,11,0.3236302262151881
277,12,0.328128934965942
277,13,0.341837515330087
277,14,0.3377073179747113
277,15,0.33551984730278983
278,0,0.43061246442089646
278,1,0.3917106528058849
278,2,0.35334595618167686
278,3,0.3236302262151881
278,4,0.328128934965942
278,5,0.341837515330087
278,6,0.3377073179747113
278,7,0.33551984730278983
278,8,0.33484760789571316
278,9,0.33551984730278983
278,10,0.3377073179747113
278,11,0.341837515330087
278,12,0.32812893496594203
278,13,0.3236302262151881
278,14,0.35334595618167686
278,15,0.3917106528058849
279,0,0.33484760789571316
279,1,0.33551984730278983
279,2,0.3377073179747113
279,3,0.341837515330087
279,4,0.32812893496594203
279,5,0.3236302262151881
279,6,0.35334595618167686
279,7,0.3917106528058849
279,8,0.43061246442089646
279,9,0.4603780508756521
279,10,0.4713553510758829
279,11,0.4555990340714814
279,12,0.42860214972187466
279,13,0.31354680790197187
279,14,0.19113741492727107
279,15,0.05029757837320917
280,0,0.43061246442089646
280,1,0.4603780508756521
280,2,0.4713553510758829
280,3,0.4555990340714814
280,4,0.42860214972187466
280,5,0.31354680790197187
280,6,0.19113741492727107
280,7,0.05029757837320917
280,8,-0.09576485652518335
280,9,-0.23134658744916647
280,10,-0.3404240862354082
280,11,-0.4091010375284674
280,12,-0.40766691041152464
280,13,-0.4091010375284674
280,14,-0.3404240862354082
280,15,-0.23134658744916645
281,0,-0.09576485652518335
281,1,-0.23134658744916647
281,2,-0.3404240862354082
281,3,-0.4091010375284674
281,4,-0.40766691041152464
281,5,-0.4091010375284674
281,6,-0.3404240862354082
281,7,-0.23134658744916645
281,8,-0.09576485652518335
281,9,0.050297578373209154
281,10,0.1911374149272711
281,11,0.31354680790197187
281,12,0.4286021497218747
281,13,0.4555990340714814
281,14,0.4713553510758829
281,15,0.4603780508756521
282,0,-0.09576485652518335
282,1,0.050297578373209154
282,2,0.1911374149272711
282,3,0.31354680790197187
282,4,0.4286021497218747
282,5,0.4555990340714814
282,6,0.4713553510758829
282,7,0.4603780508756521
282,8,0.43061246442089646
282,9,0.3917106528058849
282,10,0.35334595618167686
282,11,0.3236302262151881
282,12,0.328128934965942
282,13,0.341837515330087
282,14,0.3377073179747113
282,15,0.33551984730278983
283,0,0.43061246442089646
283,1,0.3917106528058849
283,2,0.35334595618167686
283,3,0.3236302262151881
283,4,0.328128934965942
283,5,0.341837515330087
283,6,0.3377073179747113
283,7,0.33551984730278983
283,8,0.33484760789571316
283,9,0.33551984730278983
283,10,0.3377073179747113
283,11,0.341837515330087
283,12,0.32812893496594203
283,13,0.3236302262151881
283,14,0.35334595618167686
283,15,0.3917106528058849
284,0,0.33484760789571316
284,1,0.33551984730278983
284,2,0.3377073179747113
284,3,0.341837515330087
284,4,0.32812893496594203
284,5,0.3236302262151881
284,6,0.35334595618167686
284,7,0.3917106528058849
284,8,0.43061246442089646
284,9,0.4603780508756521
284,10,0.4713553510758829
284,11,0.4555990340714814
284,12,0.42860214972187466
284,13,0.31354680790197187
284,14,0.19113741492727107
284,15,0.05029757837320917
285,0,0.43061246442089646
285,1,0.4603780508756521
285,2,0.4713553510758829
285,3,0.4555990340714814
285,4,0.42860214972187466
285,5,0.31354680790197187
285,6,0.19113741492727107
285,7,0.05029757837320917
285,8,-0.09576485652518335
285,9,-0.23134658744916647
285,10,-0.3404240862354082
285,11,-0.4091010375284674
285,12,-0.4481363951002855
285,13,-0.42730832664336627
285,14,-0.32478544802844267
285,15,-0.17515578194607143
286,0,-0.09576485652518335
286,1,-0.23134658744916647
286,2,-0.3404240862354082
286,3,-0.4091010375284674
286,4,-0.4481363951002855
286,5,-0.42730832664336627
286,6,-0.32478544802844267
286,7,-0.17515578194607143
286,8,-6.938893903907228e-18
286,9,0.17515578194607145
286,10,0.32478544802844267
286,11,0.42730832664336627
286,12,0.48860587978904646
286,13,0.42730832664336627
286,14,0.32478544802844267
286,15,0.17515578194607143
287,0,-6.938893903907228e-18
287,1,0.17515578194607145
287,2,0.32478544802844267
287,3,0.42730832664336627
287,4,0.48860587978904646
287,5,0.42730832664336627
287,6,0.32478544802844267
287,7,0.17515578194607143
287,8,6.938893903907228e-18
287,9,-0.17515578194607145
287,10,-0.32478544802844267
287,11,-0.42730832664336627
287,12,-0.4481363951002856
287,13,-0.4091010375284674
287,14,-0.3404240862354082
287,15,-0.23134658744916645
288,0,6.938893903907228e-18
288,1,-0.17515578194607145
288,2,-0.32478544802844267
288,3,-0.42730832664336627
288,4,-0.4481363951002856
288,5,-0.4091010375284674
288,6,-0.3404240862354082
288,7,-0.23134658744916645
288,8,-0.09576485652518335
288,9,0.050297578373209154
288,10,0.1911374149272711
288,11,0.31354680790197187
288,12,0.4286021497218747
288,13,0.4555990340714814
288,14,0.4713553510758829
288,15,0.4603780508756521
289,0,-0.09576485652518335
289,1,0.050297578373209154
289,2,0.1911374149272711
289,3,0.31354680790197187
289,4,0.4286021497218747
289,5,0.4555990340714814
289,6,0.4713553510758829
289,7,0.4603780508756521
289,8,0.43061246442089646
289,9,0.3917106528058849
289,10,0.35334595618167686
289,11,0.3236302262151881
289,12,0.2876594502771811
289,13,0.3236302262151881
289,14,0.35334595618167686
289,15,0.3917106528058849
290,0,0.43061246442089646
290,1,0.3917106528058849
290,2,0.35334595618167686
290,3,0.3236302262151881
290,4,0.2876594502771811
290,5,0.3236302262151881
290,6,0.35334595618167686
290,7,0.3917106528058849
290,8,0.43061246442089646
290,9,0.4603780508756521
290,10,0.4713553510758829
290,11,0.4555990340714814
290,12,0.3881326650331138
290,13,0.295339518787073
290,14,0.2067760531342366
290,15,0.10648838387630419
291,0,0.43061246442089646
291,1,0.4603780508756521
291,2,0.4713553510758829
291,3,0.4555990340714814
291,4,0.3881326650331138
291,5,0.295339518787073
291,6,0.2067760531342366
291,7,0.10648838387630419
291,8,-6.938893903907228e-18
291,9,-0.10648838387630417
291,10,-0.20677605313423664
291,11,-0.295339518787073
291,12,-0.3476631803443529
291,13,-0.4373917449565825
291,14,-0.4869939892828484
291,15,-0.5165688563787472
292,0,-6.938893903907228e-18
292,1,-0.10648838387630417
292,2,-0.20677605313423664
292,3,-0.295339518787073
292,4,-0.3476631803443529
292,5,-0.4373917449565825
292,6,-0.4869939892828484
292,7,-0.5165688563787472
292,8,-0.5263773209460798
292,9,-0.5165688563787472
292,10,-0.4869939892828484
292,11,-0.4373917449565825
292,12,-0.3881326650331137
292,13,-0.31354680790197187
292,14,-0.19113741492727107
292,15,-0.05029757837320917
293,0,-0.5263773209460798
293,1,-0.5165688563787472
293,2,-0.4869939892828484
293,3,-0.4373917449565825
293,4,-0.3881326650331137
293,5,-0.31354680790197187
293,6,-0.19113741492727107
293,7,-0.05029757837320917
293,8,0.09576485652518335
293,9,0.23134658744916647
293,10,0.3404240862354082
293,11,0.4091010375284674
293,12,0.4481363951002855
293,13,0.42730832664336627
293,14,0.32478544802844267
293,15,0.17515578194607143
294,0,0.09576485652518335
294,1,0.23134658744916647
294,2,0.3404240862354082
294,3,0.4091010375284674
294,4,0.4481363951002855
294,5,0.42730832664336627
294,6,0.32478544802844267
294,7,0.17515578194607143
294,8,6.938893903907228e-18
294,9,-0.17515578194607145
294,10,-0.32478544802844267
294,11,-0.42730832664336627
294,12,-0.48860587978904646
294,13,-0.42730832664336627
294,14,-0.32478544802844267
294,15,-0.17515578194607143
295,0,6.938893903907228e-18
295,1,-0.17515578194607145
295,2,-0.32478544802844267
295,3,-0.42730832664336627
295,4,-0.48860587978904646
295,5,-0.42730832664336627
295,6,-0.32478544802844267
295,7,-0.17515578194607143
295,8,-6.938893903907228e-18
295,9,0.17515578194607145
295,10,0.32478544802844267
295,11,0.42730832664336627
295,12,0.4481363951002856
295,13,0.4091010375284674
295,14,0.3404240862354082
295,15,0.23134658744916645
296,0,-6.938893903907228e-18
296,1,0.17515578194607145
296,2,0.32478544802844267
296,3,0.42730832664336627
296,4,0.4481363951002856
296,5,0.4091010375284674
296,6,0.3404240862354082
296,7,0.23134658744916645
296,8,0.09576485652518335
296,9,-0.050297578373209154
296,10,-0.1911374149272711
296,11,-0.31354680790197187
296,12,-0.4286021497218747
296,13,-0.4555990340714814
296,14,-0.4713553510758829
296,15,-0.4603780508756521
297,0,0.09576485652518335
297,1,-0.050297578373209154
297,2,-0.1911374149272711
297,3,-0.31354680790197187
297,4,-0.4286021497218747
297,5,-0.4555990340714814
297,6,-0.4713553510758829
297,7,-0.4603780508756521
297,8,-0.43061246442089646
297,9,-0.3917106528058849
297,10,-0.35334595618167686
297,11,-0.3236302262151881
297,12,-0.328128934965942
297,13,-0.341837515330087
297,14,-0.3377073179747113
297,15,-0.33551984730278983
298,0,-0.43061246442089646
298,1,-0.3917106528058849
298,2,-0.35334595618167686
298,3,-0.3236302262151881
298,4,-0.328128934965942
298,5,-0.341837515330087
298,6,-0.3377073179747113
298,7,-0.33551984730278983
298,8,-0.33484760789571316
298,9,-0.33551984730278983
298,10,-0.3377073179747113
298,11,-0.341837515330087
298,12,-0.3685984196547029
298,13,-0.341837515330087
298,14,-0.3377073179747113
298,15,-0.33551984730278983
299,0,-0.33484760789571316
299,1,-0.33551984730278983
299,2,-0.3377073179747113
299,3,-0.341837515330087
299,4,-0.3685984196547029
299,5,-0.341837515330087
299,6,-0.3377073179747113
299,7,-0.33551984730278983
299,8,-0.33484760789571316
299,9,-0.33551984730278983
299,10,-0.3377073179747113
299,11,-0.341837515330087
299,12,-0.3685984196547029
299,13,-0.341837515330087
299,14,-0.3377073179747113
299,15,-0.33551984730278983
300,0,-0.33484760789571316
300,1,-0.33551984730278983
300,2,-0.3377073179747113
300,3,-0.341837515330087
300,4,-0.3685984196547029
300,5,-0.341837515330087
300,6,-0.3377073179747113
300,7,-0.33551984730278983
300,8,-0.33484760789571316
300,9,-0.33551984730278983
300,10,-0.3377073179747113
300,11,-0.341837515330087
300,12,-0.32812893496594203
300,13,-0.3236302262151881
300,14,-0.35334595618167686
300,15,-0.3917106528058849
301,0,-0.33484760789571316
301,1,-0.33551984730278983
301,2,-0.3377073179747113
301,3,-0.341837515330087
301,4,-0.32812893496594203
301,5,-0.3236302262151881
301,6,-0.35334595618167686
301,7,-0.3917106528058849
301,8,-0.43061246442089646
301,9,-0.4603780508756521
301,10,-0.4713553510758829
301,11,-0.4555990340714814
301,12,-0.3881326650331138
301,13,-0.295339518787073
301,14,-0.2067760531342366
301,15,-0.10648838387630419
302,0,-0.43061246442089646
302,1,-0.4603780508756521
302,2,-0.4713553510758829
302,3,-0.4555990340714814
302,4,-0.3881326650331138
302,5,-0.295339518787073
302,6,-0.2067760531342366
302,7,-0.10648838387630419
302,8,6.938893903907228e-18
302,9,0.10648838387630417
302,10,0.20677605313423664
302,11,0.295339518787073
302,12,0.3881326650331138
302,13,0.4555990340714814
302,14,0.4713553510758829
302,15,0.4603780508756521
303,0,6.938893903907228e-18
303,1,0.10648838387630417
303,2,0.20677605313423664
303,3,0.295339518787073
303,4,0.3881326650331138
303,5,0.4555990340714814
303,6,0.4713553510758829
303,7,0.4603780508756521
303,8,0.43061246442089646
303,9,0.3917106528058849
303,10,0.35334595618167686
303,11,0.3236302262151881
303,12,0.328128934965942
303,13,0.341837515330087
303,14,0.3377073179747113
303,15,0.33551984730278983
304,0,0.43061246442089646
304,1,0.3917106528058849
304,2,0.35334595618167686
304,3,0.3236302262151881
304,4,0.328128934965942
304,5,0.341837515330087
304,6,0.3377073179747113
304,7,0.33551984730278983
304,8,0.33484760789571316
304,9,0.33551984730278983
304,10,0.3377073179747113
304,11,0.341837515330087
304,12,0.32812893496594203
304,13,0.3236302262151881
304,14,0.35334595618167686
304,15,0.3917106528058849
305,0,0.33484760789571316
305,1,0.33551984730278983
305,2,0.3377073179747113
305,3,0.341837515330087
305,4,0.32812893496594203
305,5,0.3236302262151881
305,6,0.35334595618167686
305,7,0.3917106528058849
305,8,0.43061246442089646
305,9,0.4603780508756521
305,10,0.4713553510758829
305,11,0.4555990340714814
305,12,0.42860214972187466
305,13,0.31354680790197187
305,14,0.19113741492727107
305,15,0.05029757837320917
306,0,0.43061246442089646
306,1,0.4603780508756521
306,2,0.4713553510758829
306,3,0.4555990340714814
306,4,0.42860214972187466
306,5,0.31354680790197187
306,6,0.19113741492727107
306,7,0.05029757837320917
306,8,-0.09576485652518335
306,9,-0.23134658744916647
306,10,-0.3404240862354082
306,11,-0.4091010375284674
306,12,-0.40766691041152464
306,13,-0.4091010375284674
306,14,-0.3404240862354082
306,15,-0.23134658744916645
307,0,-0.09576485652518335
307,1,-0.23134658744916647
307,2,-0.3404240862354082
307,3,-0.4091010375284674
307,4,-0.40766691041152464
307,5,-0.4091010375284674
307,6,-0.3404240862354082
307,7,-0.23134658744916645
307,8,-0.09576485652518335
307,9,0.050297578373209154
307,10,0.1911374149272711
307,11,0.31354680790197187
307,12,0.4286021497218747
307,13,0.4555990340714814
307,14,0.4713553510758829
307,15,0.4603780508756521
308,0,-0.09576485652518335
308,1,0.050297578373209154
308,2,0.1911374149272711
308,3,0.31354680790197187
308,4,0.4286021497218747
308,5,0.4555990340714814
308,6,0.4713553510758829
308,7,0.4603780508756521
308,8,0.43061246442089646
308,9,0.3917106528058849
308,10,0.35334595618167686
308,11,0.3236302262151881
308,12,0.2876594502771811
308,13,0.3236302262151881
308,14,0.35334595618167686
308,15,0.3917106528058849
309,0,0.43061246442089646
309,1,0.3917106528058849
309,2,0.35334595618167686
309,3,0.3236302262151881
309,4,0.2876594502771811
309,5,0.3236302262151881
309,6,0.35334595618167686
309,7,0.3917106528058849
309,8,0.43061246442089646
309,9,0.4603780508756521
309,10,0.4713553510758829
309,11,0.4555990340714814
309,12,0.3881326650331138
309,13,0.295339518787073
309,14,0.2067760531342366
309,15,0.10648838387630419
310,0,0.43061246442089646
310,1,0.4603780508756521
310,2,0.4713553510758829
310,3,0.4555990340714814
310,4,0.3881326650331138
310,5,0.295339518787073
310,6,0.2067760531342366
310,7,0.10648838387630419
310,8,-6.938893903907228e-18
310,9,-0.10648838387630417
310,10,-0.20677605313423664
310,11,-0.295339518787073
310,12,-0.3476631803443529
310,13,-0.4373917449565825
310,14,-0.4869939892828484
310,15,-0.5165688563787472
311,0,-6.938893903907228e-18
311,1,-0.10648838387630417
311,2,-0.20677605313423664
311,3,-0.295339518787073
311,4,-0.3476631803443529
311,5,-0.4373917449565825
311,6,-0.4869939892828484
311,7,-0.5165688563787472
311,8,-0.5263773209460798
311,9,-0.5165688563787472
311,10,-0.4869939892828484
311,11,-0.4373917449565825
311,12,-0.3881326650331137
311,13,-0.31354680790197187
311,14,-0.19113741492727107
311,15,-0.05029757837320917
312,0,-0.5263773209460798
312,1,-0.5165688563787472
312,2,-0.4869939892828484
312,3,-0.4373917449565825
312,4,-0.3881326650331137
312,5,-0.31354680790197187
312,6,-0.19113741492727107
312,7,-0.05029757837320917
312,8,0.09576485652518335
312,9,0.23134658744916647
312,10,0.3404240862354082
312,11,0.4091010375284674
312,12,0.4481363951002855
312,13,0.42730832664336627
312,14,0.32478544802844267
312,15,0.17515578194607143
313,0,0.09576485652518335
313,1,0.23134658744916647
313,2,0.3404240862354082
313,3,0.4091010375284674
313,4,0.4481363951002855
313,5,0.42730832664336627
313,6,0.32478544802844267
313,7,0.17515578194607143
313,8,6.938893903907228e-18
313,9,-0.17515578194607145
313,10,-0.32478544802844267
313,11,-0.42730832664336627
313,12,-0.48860587978904646
313,13,-0.42730832664336627
313,14,-0.32478544802844267
313,15,-0.17515578194607143
314,0,6.938893903907228e-18
314,1,-0.17515578194607145
314,2,-0.32478544802844267
314,3,-0.42730832664336627
314,4,-0.48860587978904646
314,5,-0.42730832664336627
314,6,-0.32478544802844267
314,7,-0.17515578194607143
314,8,-6.938893903907228e-18
314,9,0.17515578194607145
314,10,0.32478544802844267
314,11,0.42730832664336627
314,12,0.4481363951002856
314,13,0.4091010375284674
314,14,0.3404240862354082
314,15,0.23134658744916645
315,0,-6.938893903907228e-18
315,1,0.17515578194607145
315,2,0.32478544802844267
315,3,0.42730832664336627
315,4,0.4481363951002856
315,5,0.4091010375284674
315,6,0.3404240862354082
315,7,0.23134658744916645
315,8,0.09576485652518335
315,9,-0.050297578373209154
315,10,-0.1911374149272711
315,11,-0.31354680790197187
315,12,-0.4286021497218747
315,13,-0.4555990340714814
315,14,-0.4713553510758829
315,15,-0.4603780508756521
316,0,0.09576485652518335
316,1,-0.050297578373209154
316,2,-0.1911374149272711
316,3,-0.31354680790197187
316,4,-0.4286021497218747
316,5,-0.4555990340714814
316,6,-0.4713553510758829
316,7,-0.4603780508756521
316,8,-0.43061246442089646
316,9,-0.3917106528058849
316,10,-0.35334595618167686
316,11,-0.3236302262151881
316,12,-0.2876594502771811
316,13,-0.3236302262151881
316,14,-0.35334595618167686
316,15,-0.3917106528058849
317,0,-0.43061246442089646
317,1,-0.3917106528058849
317,2,-0.35334595618167686
317,3,-0.3236302262151881
317,4,-0.2876594502771811
317,5,-0.3236302262151881
317,6,-0.35334595618167686
317,7,-0.3917106528058849
317,8,-0.43061246442089646
317,9,-0.4603780508756521
317,10,-0.4713553510758829
317,11,-0.4555990340714814
317,12,-0.3881326650331138
317,13,-0.295339518787073
317,14,-0.2067760531342366
317,15,-0.10648838387630419
318,0,-0.43061246442089646
318,1,-0.4603780508756521
318,2,-0.4713553510758829
318,3,-0.4555990340714814
318,4,-0.3881326650331138
318,5,-0.295339518787073
318,6,-0.2067760531342366
318,7,-0.10648838387630419
318,8,6.938893903907228e-18
318,9,0.10648838387630417
318,10,0.20677605313423664
318,11,0.295339518787073
318,12,0.3476631803443529
318,13,0.4373917449565825
318,14,0.4869939892828484
318,15,0.5165688563787472
319,0,6.938893903907228e-18
319,1,0.10648838387630417
319,2,0.20677605313423664
319,3,0.295339518787073
319,4,0.3476631803443529
319,5,0.4373917449565825
319,6,0.4869939892828484
319,7,0.5165688563787472
319,8,0.5263773209460798
319,9,0.5165688563787472
319,10,0.4869939892828484
319,11,0.4373917449565825
319,12,0.34766318034435284
319,13,0.295339518787073
319,14,0.2067760531342366
319,15,0.10648838387630419
320,0,0.5263773209460798
320,1,0.5165688563787472
320,2,0.4869939892828484
320,3,0.4373917449565825
320,4,0.34766318034435284
320,5,0.295339518787073
320,6,0.2067760531342366
320,7,0.10648838387630419
320,8,-6.938893903907228e-18
320,9,-0.10648838387630417
320,10,-0.20677605313423664
320,11,-0.295339518787073
320,12,-0.3476631803443529
320,13,-0.4373917449565825
320,14,-0.4869939892828484
320,15,-0.5165688563787472
321,0,-6.938893903907228e-18
321,1,-0.10648838387630417
321,2,-0.20677605313423664
321,3,-0.295339518787073
321,4,-0.3476631803443529
321,5,-0.4373917449565825
321,6,-0.4869939892828484
321,7,-0.5165688563787472
321,8,-0.5263773209460798
321,9,-0.5165688563787472
321,10,-0.4869939892828484
321,11,-0.4373917449565825
321,12,-0.3881326650331137
321,13,-0.31354680790197187
321,14,-0.19113741492727107
321,15,-0.05029757837320917
322,0,-0.5263773209460798
322,1,-0.5165688563787472
322,2,-0.4869939892828484
322,3,-0.4373917449565825
322,4,-0.3881326650331137
322,5,-0.31354680790197187
322,6,-0.19113741492727107
322,7,-0.05029757837320917
322,8,0.09576485652518335
322,9,0.23134658744916647
322,10,0.3404240862354082
322,11,0.4091010375284674
322,12,0.4481363951002855
322,13,0.42730832664336627
322,14,0.32478544802844267
322,15,0.17515578194607143
323,0,0.09576485652518335
323,1,0.23134658744916647
323,2,0.3404240862354082
323,3,0.4091010375284674
323,4,0.4481363951002855
323,5,0.42730832664336627
323,6,0.32478544802844267
323,7,0.17515578194607143
323,8,6.938893903907228e-18
323,9,-0.17515578194607145
323,10,-0.32478544802844267
323,11,-0.42730832664336627
323,12,-0.48860587978904646
323,13,-0.42730832664336627
323,14,-0.32478544802844267
323,15,-0.17515578194607143
324,0,6.938893903907228e-18
324,1,-0.17515578194607145
324,2,-0.32478544802844267
324,3,-0.42730832664336627
324,4,-0.48860587978904646
324,5,-0.42730832664336627
324,6,-0.32478544802844267
324,7,-0.17515578194607143
324,8,-6.938893903907228e-18
324,9,0.17515578194607145
324,10,0.32478544802844267
324,11,0.42730832664336627
324,12,0.4481363951002856
324,13,0.4091010375284674
324,14,0.3404240862354082
324,15,0.23134658744916645
325,0,-6.938893903907228e-18
325,1,0.17515578194607145
325,2,0.32478544802844267
325,3,0.42730832664336627
325,4,0.4481363951002856
325,5,0.4091010375284674
325,6,0.3404240862354082
325,7,0.23134658744916645
325,8,0.09576485652518335
325,9,-0.050297578373209154
325,10,-0.1911374149272711
325,11,-0.31354680790197187
325,12,-0.38813266503311383
325,13,-0.4373917449565825
325,14,-0.4869939892828484
325,15,-0.5165688563787472
326,0,0.09576485652518335
326,1,-0.050297578373209154
326,2,-0.1911374149272711
326,3,-0.31354680790197187
326,4,-0.38813266503311383
326,5,-0.4373917449565825
326,6,-0.4869939892828484
326,7,-0.5165688563787472
326,8,-0.5263773209460798
326,9,-0.5165688563787472
326,10,-0.4869939892828484
326,11,-0.4373917449565825
326,12,-0.3881326650331137
326,13,-0.31354680790197187
326,14,-0.19113741492727107
326,15,-0.05029757837320917
327,0,-0.5263773209460798
327,1,-0.5165688563787472
327,2,-0.4869939892828484
327,3,-0.4373917449565825
327,4,-0.3881326650331137
327,5,-0.31354680790197187
327,6,-0.19113741492727107
327,7,-0.05029757837320917
327,8,0.09576485652518335
327,9,0.23134658744916647
327,10,0.3404240862354082
327,11,0.4091010375284674
327,12,0.4481363951002855
327,13,0.42730832664336627
327,14,0.32478544802844267
327,15,0.17515578194607143
328,0,0.09576485652518335
328,1,0.23134658744916647
328,2,0.3404240862354082
328,3,0.4091010375284674
328,4,0.4481363951002855
328,5,0.42730832664336627
328,6,0.32478544802844267
328,7,0.17515578194607143
328,8,6.938893903907228e-18
328,9,-0.17515578194607145
328,10,-0.32478544802844267
328,11,-0.42730832664336627
328,12,-0.48860587978904646
328,13,-0.42730832664336627
328,14,-0.32478544802844267
328,15,-0.17515578194607143
329,0,6.938893903907228e-18
329,1,-0.17515578194607145
329,2,-0.32478544802844267
329,3,-0.42730832664336627
329,4,-0.48860587978904646
329,5,-0.42730832664336627
329,6,-0.32478544802844267
329,7,-0.17515578194607143
329,8,-6.938893903907228e-18
329,9,0.17515578194607145
329,10,0.32478544802844267
329,11,0.42730832664336627
329,12,0.4481363951002856
329,13,0.4091010375284674
329,14,0.3404240862354082
329,15,0.23134658744916645
330,0,-6.938893903907228e-18
330,1,0.17515578194607145
330,2,0.32478544802844267
330,3,0.42730832664336627
330,4,0.4481363951002856
330,5,0.4091010375284674
330,6,0.3404240862354082
330,7,0.23134658744916645
330,8,0.09576485652518335
330,9,-0.050297578373209154
330,10,-0.1911374149272711
330,11,-0.31354680790197187
330,12,-0.38813266503311383
330,13,-0.4373917449565825
330,14,-0.4869939892828484
330,15,-0.5165688563787472
331,0,0.09576485652518335
331,1,-0.050297578373209154
331,2,-0.1911374149272711
331,3,-0.31354680790197187
331,4,-0.38813266503311383
331,5,-0.4373917449565825
331,6,-0.4869939892828484
331,7,-0.5165688563787472
331,8,-0.5263773209460798
331,9,-0.5165688563787472
331,10,-0.4869939892828484
331,11,-0.4373917449565825
331,12,-0.34766318034435284
331,13,-0.295339518787073
331,14,-0.2067760531342366
331,15,-0.10648838387630419
332,0,-0.5263773209460798
332,1,-0.5165688563787472
332,2,-0.4869939892828484
332,3,-0.4373917449565825
332,4,-0.34766318034435284
332,5,-0.295339518787073
332,6,-0.2067760531342366
332,7,-0.10648838387630419
332,8,6.938893903907228e-18
332,9,0.10648838387630417
332,10,0.20677605313423664
332,11,0.295339518787073
332,12,0.3881326650331138
332,13,0.4555990340714814
332,14,0.4713553510758829
332,15,0.4603780508756521
333,0,6.938893903907228e-18
333,1,0.10648838387630417
333,2,0.20677605313423664
333,3,0.295339518787073
333,4,0.3881326650331138
333,5,0.4555990340714814
333,6,0.4713553510758829
333,7,0.4603780508756521
333,8,0.43061246442089646
333,9,0.3917106528058849
333,10,0.35334595618167686
333,11,0.3236302262151881
333,12,0.328128934965942
333,13,0.341837515330087
333,14,0.3377073179747113
333,15,0.33551984730278983
334,0,0.43061246442089646
334,1,0.3917106528058849
334,2,0.35334595618167686
334,3,0.3236302262151881
334,4,0.328128934965942
334,5,0.341837515330087
334,6,0.3377073179747113
334,7,0.33551984730278983
334,8,0.33484760789571316
334,9,0.33551984730278983
334,10,0.3377073179747113
334,11,0.341837515330087
334,12,0.3685984196547029
334,13,0.341837515330087
334,14,0.3377073179747113
334,15,0.33551984730278983
335,0,0.33484760789571316
335,1,0.33551984730278983
335,2,0.3377073179747113
335,3,0.341837515330087
335,4,0.3685984196547029
335,5,0.341837515330087
335,6,0.3377073179747113
335,7,0.33551984730278983
335,8,0.33484760789571316
335,9,0.33551984730278983
335,10,0.3377073179747113
335,11,0.341837515330087
335,12,0.3685984196547029
335,13,0.341837515330087
335,14,0.3377073179747113
335,15,0.33551984730278983
336,0,0.33484760789571316
336,1,0.33551984730278983
336,2,0.3377073179747113
336,3,0.341837515330087
336,4,0.3685984196547029
336,5,0.341837515330087
336,6,0.3377073179747113
336,7,0.33551984730278983
336,8,0.33484760789571316
336,9,0.33551984730278983
336,10,0.3377073179747113
336,11,0.341837515330087
336,12,0.32812893496594203
336,13,0.3236302262151881
336,14,0.35334595618167686
336,15,0.3917106528058849
337,0,0.33484760789571316
337,1,0.33551984730278983
337,2,0.3377073179747113
337,3,0.341837515330087
337,4,0.32812893496594203
337,5,0.3236302262151881
337,6,0.35334595618167686
337,7,0.3917106528058849
337,8,0.43061246442089646
337,9,0.4603780508756521
337,10,0.4713553510758829
337,11,0.4555990340714814
337,12,0.42860214972187466
337,13,0.31354680790197187
337,14,0.19113741492727107
337,15,0.05029757837320917
338,0,0.43061246442089646
338,1,0.4603780508756521
338,2,0.4713553510758829
338,3,0.4555990340714814
338,4,0.42860214972187466
338,5,0.31354680790197187
338,6,0.19113741492727107
338,7,0.05029757837320917
338,8,-0.09576485652518335
338,9,-0.23134658744916647
338,10,-0.3404240862354082
338,11,-0.4091010375284674
338,12,-0.40766691041152464
338,13,-0.4091010375284674
338,14,-0.3404240862354082
338,15,-0.23134658744916645
339,0,-0.09576485652518335
339,1,-0.23134658744916647
339,2,-0.3404240862354082
339,3,-0.4091010375284674
339,4,-0.40766691041152464
339,5,-0.4091010375284674
339,6,-0.3404240862354082
339,7,-0.23134658744916645
339,8,-0.09576485652518335
339,9,0.050297578373209154
339,10,0.1911374149272711
339,11,0.31354680790197187
339,12,0.4286021497218747
339,13,0.4555990340714814
339,14,0.4713553510758829
339,15,0.4603780508756521
340,0,-0.09576485652518335
340,1,0.050297578373209154
340,2,0.1911374149272711
340,3,0.31354680790197187
340,4,0.4286021497218747
340,5,0.4555990340714814
340,6,0.4713553510758829
340,7,0.4603780508756521
340,8,0.43061246442089646
340,9,0.3917106528058849
340,10,0.35334595618167686
340,11,0.3236302262151881
340,12,0.328128934965942
340,13,0.341837515330087
340,14,0.3377073179747113
340,15,0.33551984730278983
341,0,0.43061246442089646
341,1,0.3917106528058849
341,2,0.35334595618167686
341,3,0.3236302262151881
341,4,0.328128934965942
341,5,0.341837515330087
341,6,0.3377073179747113
341,7,0.33551984730278983
341,8,0.33484760789571316
341,9,0.33551984730278983
341,10,0.3377073179747113
341,11,0.341837515330087
341,12,0.3685984196547029
341,13,0.341837515330087
341,14,0.3377073179747113
341,15,0.33551984730278983
342,0,0.33484760789571316
342,1,0.33551984730278983
342,2,0.3377073179747113
342,3,0.341837515330087
342,4,0.3685984196547029
342,5,0.341837515330087
342,6,0.3377073179747113
342,7,0.33551984730278983
342,8,0.33484760789571316
342,9,0.33551984730278983
342,10,0.3377073179747113
342,11,0.341837515330087
342,12,0.3685984196547029
342,13,0.341837515330087
342,14,0.3377073179747113
342,15,0.33551984730278983
343,0,0.33484760789571316
343,1,0.33551984730278983
343,2,0.3377073179747113
343,3,0.341837515330087
343,4,0.3685984196547029
343,5,0.341837515330087
343,6,0.3377073179747113
343,7,0.33551984730278983
343,8,0.33484760789571316
343,9,0.33551984730278983
343,10,0.3377073179747113
343,11,0.341837515330087
343,12,0.3685984196547029
343,13,0.341837515330087
343,14,0.3377073179747113
343,15,0.33551984730278983
344,0,0.33484760789571316
344,1,0.33551984730278983
344,2,0.3377073179747113
344,3,0.341837515330087
344,4,0.3685984196547029
344,5,0.341837515330087
344,6,0.3377073179747113
344,7,0.33551984730278983
344,8,0.33484760789571316
344,9,0.33551984730278983
344,10,0.3377073179747113
344,11,0.341837515330087
344,12,0.3685984196547029
344,13,0.341837515330087
344,14,0.3377073179747113
344,15,0.33551984730278983
345,0,0.33484760789571316
345,1,0.33551984730278983
345,2,0.3377073179747113
345,3,0.341837515330087
345,4,0.3685984196547029
345,5,0.341837515330087
345,6,0.3377073179747113
345,7,0.33551984730278983
345,8,0.33484760789571316
345,9,0.33551984730278983
345,10,0.3377073179747113
345,11,0.341837515330087
345,12,0.3685984196547029
345,13,0.341837515330087
345,14,0.3377073179747113
345,15,0.33551984730278983
346,0,0.33484760789571316
346,1,0.33551984730278983
346,2,0.3377073179747113
346,3,0.341837515330087
346,4,0.3685984196547029
346,5,0.341837515330087
346,6,0.3377073179747113
346,7,0.33551984730278983
346,8,0.33484760789571316
346,9,0.33551984730278983
346,10,0.3377073179747113
346,11,0.341837515330087
346,12,0.3685984196547029
346,13,0.341837515330087
346,14,0.3377073179747113
346,15,0.33551984730278983
347,0,0.33484760789571316
347,1,0.33551984730278983
347,2,0.3377073179747113
347,3,0.341837515330087
347,4,0.3685984196547029
347,5,0.341837515330087
347,6,0.3377073179747113
347,7,0.33551984730278983
347,8,0.33484760789571316
347,9,0.33551984730278983
347,10,0.3377073179747113
347,11,0.341837515330087
347,12,0.32812893496594203
347,13,0.3236302262151881
347,14,0.35334595618167686
347,15,0.3917106528058849
348,0,0.33484760789571316
348,1,0.33551984730278983
348,2,0.3377073179747113
348,3,0.341837515330087
348,4,0.32812893496594203
348,5,0.3236302262151881
348,6,0.35334595618167686
348,7,0.3917106528058849
348,8,0.43061246442089646
348,9,0.4603780508756521
348,10,0.4713553510758829
348,11,0.4555990340714814
348,12,0.3881326650331138
348,13,0.295339518787073
348,14,0.2067760531342366
348,15,0.10648838387630419
349,0,0.43061246442089646
349,1,0.4603780508756521
349,2,0.4713553510758829
349,3,0.4555990340714814
349,4,0.3881326650331138
349,5,0.295339518787073
349,6,0.2067760531342366
349,7,0.10648838387630419
349,8,-6.938893903907228e-18
349,9,-0.10648838387630417
349,10,-0.20677605313423664
349,11,-0.295339518787073
349,12,-0.3881326650331138
349,13,-0.4555990340714814
349,14,-0.4713553510758829
349,15,-0.4603780508756521
350,0,-6.938893903907228e-18
350,1,-0.10648838387630417
350,2,-0.20677605313423664
350,3,-0.295339518787073
350,4,-0.3881326650331138
350,5,-0.4555990340714814
350,6,-0.4713553510758829
350,7,-0.4603780508756521
350,8,-0.43061246442089646
350,9,-0.3917106528058849
350,10,-0.35334595618167686
350,11,-0.3236302262151881
350,12,-0.328128934965942
350,13,-0.341837515330087
350,14,-0.3377073179747113
350,15,-0.33551984730278983
351,0,-0.43061246442089646
351,1,-0.3917106528058849
351,2,-0.35334595618167686
351,3,-0.3236302262151881
351,4,-0.328128934965942
351,5,-0.341837515330087
351,6,-0.3377073179747113
351,7,-0.33551984730278983
351,8,-0.33484760789571316
351,9,-0.33551984730278983
351,10,-0.3377073179747113
351,11,-0.341837515330087
351,12,-0.3685984196547029
351,13,-0.341837515330087
351,14,-0.3377073179747113
351,15,-0.33551984730278983
352,0,-0.33484760789571316
352,1,-0.33551984730278983
352,2,-0.3377073179747113
352,3,-0.341837515330087
352,4,-0.3685984196547029
352,5,-0.341837515330087
352,6,-0.3377073179747113
352,7,-0.33551984730278983
352,8,-0.33484760789571316
352,9,-0.33551984730278983
352,10,-0.3377073179747113
352,11,-0.341837515330087
352,12,-0.3685984196547029
352,13,-0.341837515330087
352,14,-0.3377073179747113
352,15,-0.33551984730278983
353,0,-0.33484760789571316
353,1,-0.33551984730278983
353,2,-0.3377073179747113
353,3,-0.341837515330087
353,4,-0.3685984196547029
353,5,-0.341837515330087
353,6,-0.3377073179747113
353,7,-0.33551984730278983
353,8,-0.33484760789571316
353,9,-0.33551984730278983
353,10,-0.3377073179747113
353,11,-0.341837515330087
353,12,-0.3685984196547029
353,13,-0.341837515330087
353,14,-0.3377073179747113
353,15,-0.33551984730278983
354,0,-0.33484760789571316
354,1,-0.33551984730278983
354,2,-0.3377073179747113
354,3,-0.341837515330087
354,4,-0.3685984196547029
354,5,-0.341837515330087
354,6,-0.3377073179747113
354,7,-0.33551984730278983
354,8,-0.33484760789571316
354,9,-0.33551984730278983
354,10,-0.3377073179747113
354,11,-0.341837515330087
354,12,-0.3685984196547029
354,13,-0.341837515330087
354,14,-0.3377073179747113
354,15,-0.33551984730278983
355,0,-0.33484760789571316
355,1,-0.33551984730278983
355,2,-0.3377073179747113
355,3,-0.341837515330087
355,4,-0.3685984196547029
355,5,-0.341837515330087
355,6,-0.3377073179747113
355,7,-0.33551984730278983
355,8,-0.33484760789571316
355,9,-0.33551984730278983
355,10,-0.3377073179747113
355,11,-0.341837515330087
355,12,-0.32812893496594203
355,13,-0.3236302262151881
355,14,-0.35334595618167686
355,15,-0.3917106528058849
356,0,-0.33484760789571316
356,1,-0.33551984730278983
356,2,-0.3377073179747113
356,3,-0.341837515330087
356,4,-0.32812893496594203
356,5,-0.3236302262151881
356,6,-0.35334595618167686
356,7,-0.3917106528058849
356,8,-0.43061246442089646
356,9,-0.4603780508756521
356,10,-0.4713553510758829
356,11,-0.4555990340714814
356,12,-0.42860214972187466
356,13,-0.31354680790197187
356,14,-0.19113741492727107
356,15,-0.05029757837320917
357,0,-0.43061246442089646
357,1,-0.4603780508756521
357,2,-0.4713553510758829
357,3,-0.4555990340714814
357,4,-0.42860214972187466
357,5,-0.31354680790197187
357,6,-0.19113741492727107
357,7,-0.05029757837320917
357,8,0.09576485652518335
357,9,0.23134658744916647
357,10,0.3404240862354082
357,11,0.4091010375284674
357,12,0.4481363951002855
357,13,0.42730832664336627
357,14,0.32478544802844267
357,15,0.17515578194607143
358,0,0.09576485652518335
358,1,0.23134658744916647
358,2,0.3404240862354082
358,3,0.4091010375284674
358,4,0.4481363951002855
358,5,0.42730832664336627
358,6,0.32478544802844267
358,7,0.17515578194607143
358,8,6.938893903907228e-18
358,9,-0.17515578194607145
358,10,-0.32478544802844267
358,11,-0.42730832664336627
358,12,-0.48860587978904646
358,13,-0.42730832664336627
358,14,-0.32478544802844267
358,15,-0.17515578194607143
359,0,6.938893903907228e-18
359,1,-0.17515578194607145
359,2,-0.32478544802844267
359,3,-0.42730832664336627
359,4,-0.48860587978904646
359,5,-0.42730832664336627
359,6,-0.32478544802844267
359,7,-0.17515578194607143
359,8,-6.938893903907228e-18
359,9,0.17515578194607145
359,10,0.32478544802844267
359,11,0.42730832664336627
359,12,0.48860587978904646
359,13,0.42730832664336627
359,14,0.32478544802844267
359,15,0.17515578194607143
